1918120,0.0485386,0.0855439,1.49304,0,0,0
1918121,0.0486478,0.0857683,1.49284,0,0,0
1918124,0.048044,0.0878219,1.49295,0,0,0
1918125,0.0478352,0.088357,1.49295,0,0,0
1918126,0.0477557,0.0891932,1.49288,0,0,0
1918129,0.0464477,0.091689,1.49314,0,0,0
1918130,0.0462724,0.0923648,1.49316,0,0,0
1918131,0.0460162,0.0929381,1.49317,0,0,0
1918134,0.0455938,0.0951373,1.493,0,0,0
1918135,0.0456212,0.0959714,1.49295,0,0,0
1918136,0.0453829,0.0965757,1.493,0,0,0
1918139,0.0448891,0.098414,1.49301,0,0,0
1918140,0.0446669,0.0989678,1.49302,0,0,0
1918141,0.0444509,0.0994927,1.493,0,0,0
1918144,0.0439826,0.101239,1.49274,0,0,0
1918145,0.0438187,0.10183,1.49272,0,0,0
1918146,0.0440633,0.101467,1.49317,0,0,0
1918149,0.0437639,0.10326,1.49302,0,0,0
1918150,0.0434709,0.103614,1.4932,0,0,0
1918151,0.0433324,0.104124,1.49317,0,0,0
1918154,0.0423545,0.106496,1.49254,0,0,0
1918155,0.04221,0.106959,1.49251,0,0,0
1918156,0.0420036,0.107365,1.49251,0,0,0
1918159,0.0415062,0.108722,1.49264,0,0,0
1918160,0.0413405,0.109178,1.49263,0,0,0
1918161,0.0411699,0.109606,1.4925,0,0,0
1918164,0.0405205,0.110725,1.4925,0,0,0
1918165,0.0403084,0.111202,1.49259,0,0,0
1918166,0.0400795,0.111469,1.49252,0,0,0
1918169,0.039209,0.113152,1.49259,0,0,0
1918170,0.039298,0.112816,1.49267,0,0,0
1918171,0.0392091,0.113229,1.49253,0,0,0
1918174,0.0386857,0.11407,1.49269,0,0,0
1918175,0.0385282,0.114363,1.49273,0,0,0
1918176,0.0383577,0.114618,1.49282,0,0,0
1918179,0.0377126,0.11524,1.49303,0,0,0
1918180,0.0375203,0.115418,1.49309,0,0,0
1918181,0.0373405,0.115606,1.49323,0,0,0
1918184,0.0368567,0.116162,1.49353,0,0,0
1918185,0.0366578,0.11641,1.49359,0,0,0
1918186,0.0364503,0.116551,1.49372,0,0,0
1918189,0.035877,0.116979,1.49395,0,0,0
1918190,0.0356753,0.117069,1.49406,0,0,0
1918191,0.0356432,0.117285,1.49414,0,0,0
1918194,0.0351052,0.117655,1.49435,0,0,0
1918195,0.0349412,0.11778,1.49446,0,0,0
1918196,0.0348034,0.117874,1.49452,0,0,0
1918199,0.0342717,0.118241,1.49473,0,0,0
1918200,0.0340879,0.118331,1.49479,0,0,0
1918201,0.0339228,0.118374,1.49487,0,0,0
1918204,0.0334816,0.118628,1.49511,0,0,0
1918205,0.0333419,0.118641,1.49516,0,0,0
1918206,0.0332024,0.118672,1.49519,0,0,0
1918209,0.0329309,0.118884,1.49535,0,0,0
1918210,0.0327782,0.118934,1.4954,0,0,0
1918211,0.0327001,0.118938,1.49539,0,0,0
1918214,0.0322768,0.118977,1.49539,0,0,0
1918215,0.0321996,0.118981,1.49545,0,0,0
1918216,0.0320848,0.119009,1.49538,0,0,0
1918219,0.0318306,0.119011,1.4954,0,0,0
1918220,0.0317305,0.118967,1.49542,0,0,0
1918221,0.0316657,0.118969,1.4954,0,0,0
1918224,0.0314987,0.118878,1.49536,0,0,0
1918225,0.0314331,0.11882,1.49531,0,0,0
1918226,0.0313421,0.118758,1.49525,0,0,0
1918229,0.0311165,0.118449,1.49515,0,0,0
1918230,0.0310608,0.118399,1.49506,0,0,0
1918231,0.0309354,0.118296,1.495,0,0,0
1918234,0.0307482,0.118015,1.49484,0,0,0
1918235,0.0306738,0.117931,1.49477,0,0,0
1918236,0.030658,0.117789,1.4947,0,0,0
1918239,0.0302271,0.117188,1.49458,0,0,0
1918240,0.0301182,0.116945,1.49456,0,0,0
1918241,0.0300882,0.116753,1.49452,0,0,0
1918244,0.0298762,0.116018,1.49444,0,0,0
1918245,0.0298503,0.11592,1.49442,0,0,0
1918246,0.0297998,0.115724,1.49434,0,0,0
1918249,0.0295708,0.115069,1.49416,0,0,0
1918250,0.029543,0.114837,1.49405,0,0,0
1918251,0.0294285,0.11449,1.49405,0,0,0
1918254,0.0290301,0.113356,1.49407,0,0,0
1918255,0.0289625,0.112966,1.49402,0,0,0
1918256,0.0288565,0.112626,1.49396,0,0,0
1918259,0.0289771,0.112078,1.49374,0,0,0
1918260,0.0288257,0.111678,1.49377,0,0,0
1918261,0.0287805,0.111383,1.49376,0,0,0
1918264,0.0284403,0.110327,1.49371,0,0,0
1918265,0.0283161,0.109985,1.49368,0,0,0
1918266,0.0281696,0.109572,1.49363,0,0,0
1918269,0.0275601,0.108253,1.49381,0,0,0
1918270,0.0274304,0.107885,1.49386,0,0,0
1918271,0.027513,0.10769,1.49362,0,0,0
1918274,0.0270057,0.106468,1.49386,0,0,0
1918275,0.0268882,0.106081,1.4939,0,0,0
1918276,0.0267592,0.105703,1.49389,0,0,0
1918279,0.0264296,0.104321,1.49398,0,0,0
1918280,0.0263382,0.103892,1.49399,0,0,0
1918281,0.026249,0.103459,1.494,0,0,0
1918284,0.0261713,0.102218,1.49409,0,0,0
1918285,0.0260908,0.101866,1.49414,0,0,0
1918286,0.0260652,0.101488,1.49413,0,0,0
1918289,0.0258432,0.100241,1.49423,0,0,0
1918290,0.0257785,0.0998073,1.49425,0,0,0
1918291,0.0257163,0.0994094,1.49424,0,0,0
1918294,0.0253965,0.0979211,1.49429,0,0,0
1918295,0.0254778,0.097556,1.49426,0,0,0
1918296,0.0254612,0.0971284,1.49427,0,0,0
1918299,0.0253319,0.096202,1.49377,0,0,0
1918300,0.0253188,0.095797,1.49381,0,0,0
1918301,0.0253161,0.095366,1.49382,0,0,0
1918304,0.0253987,0.0943034,1.49364,0,0,0
1918305,0.0253326,0.0938623,1.49362,0,0,0
1918306,0.0252798,0.0934114,1.49361,0,0,0
1918309,0.0251595,0.0919857,1.49353,0,0,0
1918310,0.0251795,0.0915639,1.49352,0,0,0
1918311,0.0253231,0.0909817,1.49404,0,0,0
1918314,0.0253768,0.0896105,1.49413,0,0,0
1918315,0.02539,0.0892046,1.49416,0,0,0
1918316,0.0253741,0.0887352,1.49419,0,0,0
1918319,0.0252731,0.0874643,1.49424,0,0,0
1918320,0.0253141,0.0870722,1.49422,0,0,0
1918321,0.0253008,0.0865755,1.49425,0,0,0
1918324,0.0254176,0.0853181,1.49435,0,0,0
1918325,0.0254687,0.0848866,1.49445,0,0,0
1918326,0.0255211,0.0845124,1.49452,0,0,0
1918329,0.0257868,0.0833363,1.49466,0,0,0
1918330,0.0258013,0.0829423,1.49472,0,0,0
1918331,0.0257855,0.0824878,1.49478,0,0,0
1918334,0.0259393,0.0812841,1.49494,0,0,0
1918335,0.0260055,0.0808946,1.49499,0,0,0
1918336,0.0260836,0.0805251,1.49507,0,0,0
1918339,0.0262803,0.0793858,1.49522,0,0,0
1918340,0.0262931,0.0789895,1.49528,0,0,0
1918341,0.0263308,0.0785255,1.49538,0,0,0
1918344,0.0264096,0.0773771,1.49552,0,0,0
1918345,0.0263147,0.0769034,1.4956,0,0,0
1918346,0.0262785,0.0763766,1.49566,0,0,0
1918349,0.0261904,0.075003,1.49584,0,0,0
1918350,0.0262521,0.0746307,1.49595,0,0,0
1918351,0.0258244,0.0748132,1.49578,0,0,0
1918354,0.0263817,0.0729411,1.49611,0,0,0
1918355,0.0263744,0.0724962,1.49626,0,0,0
1918356,0.0264042,0.072077,1.4963,0,0,0
1918359,0.0268949,0.0701484,1.49637,0,0,0
1918360,0.0269344,0.0696771,1.49645,0,0,0
1918361,0.0266129,0.0697069,1.49684,0,0,0
1918364,0.0266688,0.0686044,1.49703,0,0,0
1918365,0.0266916,0.0685727,1.49716,0,0,0
1918366,0.0266346,0.0681987,1.49724,0,0,0
1918369,0.0267157,0.0671186,1.49748,0,0,0
1918370,0.0264159,0.0671655,1.49757,0,0,0
1918371,0.0267091,0.0662099,1.49775,0,0,0
1918374,0.0268074,0.0651023,1.49796,0,0,0
1918375,0.026856,0.0647717,1.49803,0,0,0
1918376,0.0268837,0.064424,1.49812,0,0,0
1918379,0.0266072,0.063126,1.49867,0,0,0
1918380,0.0266479,0.0627487,1.49877,0,0,0
1918381,0.0267774,0.0625448,1.49865,0,0,0
1918384,0.0267846,0.0612434,1.49914,0,0,0
1918385,0.0268226,0.0608251,1.49939,0,0,0
1918386,0.0269101,0.0604318,1.49948,0,0,0
1918389,0.0270884,0.0593456,1.49981,0,0,0
1918390,0.0271884,0.05894,1.4999,0,0,0
1918391,0.0272139,0.0585689,1.50002,0,0,0
1918394,0.0273882,0.0574003,1.50032,0,0,0
1918395,0.0274222,0.0570194,1.50039,0,0,0
1918396,0.0274771,0.0566974,1.50048,0,0,0
1918399,0.0275585,0.0557766,1.50078,0,0,0
1918400,0.0276341,0.0554603,1.50084,0,0,0
1918401,0.0276728,0.0551456,1.50093,0,0,0
1918404,0.0278237,0.0541637,1.50115,0,0,0
1918405,0.0278605,0.0538408,1.50124,0,0,0
1918406,0.0279207,0.0532518,1.50115,0,0,0
1918409,0.0279171,0.0526107,1.50075,0,0,0
1918410,0.0279364,0.0522348,1.5008,0,0,0
1918411,0.0279444,0.0518837,1.50089,0,0,0
1918414,0.0280534,0.0509399,1.501,0,0,0
1918415,0.0279673,0.0509027,1.50126,0,0,0
1918416,0.0280049,0.0506421,1.50135,0,0,0
1918419,0.0280837,0.0498104,1.50156,0,0,0
1918420,0.028093,0.0495454,1.50164,0,0,0
1918421,0.0283311,0.0494776,1.50142,0,0,0
1918424,0.0283006,0.0485578,1.50158,0,0,0
1918425,0.0283274,0.0481991,1.50162,0,0,0
1918426,0.0284379,0.0477603,1.50205,0,0,0
1918429,0.028611,0.0469557,1.50222,0,0,0
1918430,0.0286127,0.0467203,1.50231,0,0,0
1918431,0.0286232,0.0464659,1.50236,0,0,0
1918434,0.0287362,0.0455691,1.50244,0,0,0
1918435,0.0288053,0.0453172,1.50246,0,0,0
1918436,0.0288621,0.0450325,1.50247,0,0,0
1918439,0.0288682,0.0443188,1.50265,0,0,0
1918440,0.0286533,0.0442354,1.50278,0,0,0
1918441,0.0282119,0.0441735,1.50291,0,0,0
1918444,0.0266561,0.0441547,1.50346,0,0,0
1918445,0.0261648,0.0444811,1.50375,0,0,0
1918446,0.0241306,0.0456319,1.50371,0,0,0
1918449,0.0233848,0.045571,1.50485,0,0,0
1918450,0.0235939,0.0452942,1.50564,0,0,0
1918451,0.0240548,0.0449551,1.50632,0,0,0
1918454,0.0269117,0.0433961,1.50835,0,0,0
1918455,0.0281938,0.0421707,1.50885,0,0,0
1918456,0.0293848,0.0415777,1.50974,0,0,0
1918459,0.0348982,0.0397274,1.51219,0,0,0
1918460,0.0375912,0.0385258,1.51288,0,0,0
1918461,0.0403773,0.0372719,1.51344,0,0,0
1918464,0.0499809,0.0330467,1.51482,0,0,0
1918465,0.0538847,0.0316272,1.51544,0,0,0
1918466,0.0579202,0.0300118,1.51576,0,0,0
1918469,0.071273,0.0248136,1.51622,0,0,0
1918470,0.0764843,0.0229202,1.51627,0,0,0
1918471,0.081399,0.0209241,1.51622,0,0,0
1918474,0.0969013,0.0141539,1.51698,0,0,0
1918475,0.103078,0.0117247,1.51697,0,0,0
1918476,0.109103,0.00944767,1.51684,0,0,0
1918479,0.127242,0.00287554,1.51618,0,0,0
1918480,0.133522,0.000253872,1.51599,0,0,0
1918481,0.140183,-0.00193325,1.51575,0,0,0
1918484,0.160617,-0.00994437,1.51541,0,0,0
1918485,0.16784,-0.0121687,1.51462,0,0,0
1918486,0.174863,-0.0149426,1.51413,0,0,0
1918489,0.197138,-0.0231608,1.51312,0,0,0
1918490,0.204918,-0.0255433,1.51263,0,0,0
1918491,0.212606,-0.0286786,1.51255,0,0,0
1918494,0.236627,-0.0372202,1.51097,0,0,0
1918495,0.244729,-0.0402506,1.51077,0,0,0
1918496,0.252873,-0.0433625,1.51029,0,0,0
1918499,0.278078,-0.0523345,1.50909,0,0,0
1918500,0.286776,-0.0554876,1.50856,0,0,0
1918501,0.295405,-0.058743,1.50836,0,0,0
1918504,0.322083,-0.067746,1.50636,0,0,0
1918505,0.33066,-0.0712485,1.50623,0,0,0
1918506,0.339766,-0.074524,1.50602,0,0,0
1918509,0.367061,-0.0841607,1.50457,0,0,0
1918510,0.376401,-0.0875322,1.50416,0,0,0
1918511,0.385935,-0.0909714,1.5037,0,0,0
1918514,0.41434,-0.100703,1.50215,0,0,0
1918515,0.423577,-0.104168,1.50196,0,0,0
1918516,0.433382,-0.107655,1.5017,0,0,0
1918519,0.46221,-0.117777,1.50044,0,0,0
1918520,0.472261,-0.121331,1.50003,0,0,0
1918521,0.48172,-0.124926,1.4999,0,0,0
1918524,0.511164,-0.135036,1.49869,0,0,0
1918525,0.521226,-0.138635,1.49838,0,0,0
1918526,0.530886,-0.141715,1.49787,0,0,0
1918529,0.56034,-0.151747,1.49652,0,0,0
1918530,0.570207,-0.15569,1.49647,0,0,0
1918531,0.580023,-0.159302,1.49619,0,0,0
1918534,0.6102,-0.17008,1.49522,0,0,0
1918535,0.620475,-0.173554,1.49493,0,0,0
1918536,0.630212,-0.177363,1.49485,0,0,0
1918539,0.660886,-0.188483,1.49458,0,0,0
1918540,0.670911,-0.191924,1.49422,0,0,0
1918541,0.680687,-0.19563,1.49416,0,0,0
1918544,0.71068,-0.205631,1.49288,0,0,0
1918545,0.72087,-0.209108,1.49254,0,0,0
1918546,0.730569,-0.212483,1.4925,0,0,0
1918549,0.760877,-0.223755,1.49259,0,0,0
1918550,0.770783,-0.227373,1.49204,0,0,0
1918551,0.781058,-0.230998,1.49161,0,0,0
1918554,0.810676,-0.241349,1.49109,0,0,0
1918555,0.820713,-0.244709,1.49084,0,0,0
1918556,0.829762,-0.248112,1.49065,0,0,0
1918559,0.859551,-0.258893,1.49072,0,0,0
1918560,0.869133,-0.262615,1.49061,0,0,0
1918561,0.878264,-0.265587,1.4895,0,0,0
1918564,0.907823,-0.276452,1.49037,0,0,0
1918565,0.917279,-0.279393,1.49018,0,0,0
1918566,0.926889,-0.283005,1.48993,0,0,0
1918569,0.955104,-0.293343,1.48959,0,0,0
1918570,0.964512,-0.297109,1.48934,0,0,0
1918571,0.973567,-0.300298,1.48932,0,0,0
1918574,1.00097,-0.310335,1.48864,0,0,0
1918575,1.01011,-0.313309,1.48873,0,0,0
1918576,1.01965,-0.316429,1.48901,0,0,0
1918579,1.04606,-0.325846,1.48794,0,0,0
1918580,1.05512,-0.329125,1.48792,0,0,0
1918581,1.06379,-0.332177,1.48793,0,0,0
1918584,1.0902,-0.34149,1.4877,0,0,0
1918585,1.09878,-0.344657,1.48714,0,0,0
1918586,1.1073,-0.34769,1.48768,0,0,0
1918589,1.13298,-0.356911,1.48739,0,0,0
1918590,1.14118,-0.359413,1.4875,0,0,0
1918591,1.15006,-0.362763,1.48718,0,0,0
1918594,1.17492,-0.371433,1.48818,0,0,0
1918595,1.18297,-0.374161,1.48827,0,0,0
1918596,1.19097,-0.376735,1.48729,0,0,0
1918599,1.21435,-0.385222,1.48731,0,0,0
1918600,1.22254,-0.387994,1.48719,0,0,0
1918601,1.23024,-0.390483,1.48714,0,0,0
1918604,1.25303,-0.39852,1.48727,0,0,0
1918605,1.26098,-0.401244,1.48718,0,0,0
1918606,1.26838,-0.403489,1.48747,0,0,0
1918609,1.2903,-0.411216,1.48804,0,0,0
1918610,1.2974,-0.413581,1.48811,0,0,0
1918611,1.30486,-0.415848,1.48778,0,0,0
1918614,1.32589,-0.422942,1.48798,0,0,0
1918615,1.33234,-0.42559,1.48809,0,0,0
1918616,1.3392,-0.427688,1.48771,0,0,0
1918619,1.35928,-0.434712,1.48803,0,0,0
1918620,1.36584,-0.437016,1.48807,0,0,0
1918621,1.3724,-0.438797,1.48874,0,0,0
1918624,1.39145,-0.445415,1.48871,0,0,0
1918625,1.39794,-0.44786,1.48875,0,0,0
1918626,1.4042,-0.449716,1.48907,0,0,0
1918629,1.42178,-0.455929,1.48916,0,0,0
1918630,1.42768,-0.457875,1.48921,0,0,0
1918631,1.43397,-0.459646,1.4898,0,0,0
1918634,1.45088,-0.465242,1.49019,0,0,0
1918635,1.45656,-0.467014,1.49044,0,0,0
1918636,1.46204,-0.469006,1.49077,0,0,0
1918639,1.47808,-0.474212,1.49102,0,0,0
1918640,1.48324,-0.476039,1.49133,0,0,0
1918641,1.48803,-0.47794,1.49137,0,0,0
1918644,1.50312,-0.482892,1.49186,0,0,0
1918645,1.50789,-0.4843,1.49197,0,0,0
1918646,1.51272,-0.485649,1.49225,0,0,0
1918649,1.52697,-0.490277,1.49269,0,0,0
1918650,1.53157,-0.491803,1.49299,0,0,0
1918651,1.53606,-0.493404,1.4933,0,0,0
1918654,1.54937,-0.49715,1.49382,0,0,0
1918655,1.554,-0.498608,1.49448,0,0,0
1918656,1.55784,-0.499573,1.49444,0,0,0
1918659,1.57006,-0.503178,1.49476,0,0,0
1918660,1.57383,-0.504581,1.49484,0,0,0
1918664,1.58957,-0.508917,1.49598,0,0,0
1918665,1.59298,-0.509749,1.49594,0,0,0
1918666,1.59646,-0.51064,1.49615,0,0,0
1918669,1.60686,-0.513413,1.49654,0,0,0
1918670,1.61017,-0.514248,1.49666,0,0,0
1918671,1.61417,-0.516004,1.49809,0,0,0
1918674,1.62278,-0.517389,1.49732,0,0,0
1918675,1.62577,-0.518135,1.49746,0,0,0
1918676,1.62877,-0.518943,1.49764,0,0,0
1918679,1.63762,-0.520875,1.49814,0,0,0
1918680,1.64023,-0.521536,1.49833,0,0,0
1918681,1.64299,-0.52195,1.49838,0,0,0
1918684,1.65049,-0.524608,1.49968,0,0,0
1918685,1.65319,-0.52485,1.49971,0,0,0
1918686,1.65555,-0.524792,1.49913,0,0,0
1918689,1.66248,-0.52592,1.49952,0,0,0
1918690,1.66445,-0.526152,1.49909,0,0,0
1918691,1.66624,-0.526718,1.49913,0,0,0
1918694,1.67273,-0.527242,1.4998,0,0,0
1918695,1.67476,-0.527435,1.49995,0,0,0
1918696,1.6767,-0.52768,1.50006,0,0,0
1918699,1.68194,-0.528521,1.50035,0,0,0
1918700,1.68365,-0.529083,1.50042,0,0,0
1918701,1.68495,-0.528943,1.50036,0,0,0
1918704,1.68985,-0.529049,1.50094,0,0,0
1918705,1.69126,-0.529117,1.50108,0,0,0
1918706,1.69261,-0.529251,1.50121,0,0,0
1918709,1.69622,-0.529399,1.50146,0,0,0
1918710,1.69762,-0.52942,1.50174,0,0,0
1918711,1.69835,-0.529454,1.5015,0,0,0
1918714,1.70161,-0.529073,1.50195,0,0,0
1918715,1.70253,-0.528944,1.50204,0,0,0
1918716,1.7035,-0.528833,1.50213,0,0,0
1918719,1.70587,-0.528463,1.50228,0,0,0
1918720,1.70659,-0.528301,1.50234,0,0,0
1918721,1.70726,-0.528095,1.50238,0,0,0
1918724,1.70887,-0.527476,1.50257,0,0,0
1918725,1.70934,-0.527289,1.50265,0,0,0
1918726,1.70973,-0.527034,1.50273,0,0,0
1918729,1.71054,-0.526383,1.50289,0,0,0
1918730,1.71074,-0.526136,1.50291,0,0,0
1918731,1.71133,-0.526123,1.50311,0,0,0
1918734,1.71142,-0.524975,1.50301,0,0,0
1918735,1.7114,-0.524645,1.50311,0,0,0
1918736,1.71136,-0.524331,1.50318,0,0,0
1918739,1.71107,-0.523132,1.5034,0,0,0
1918740,1.71086,-0.522792,1.50342,0,0,0
1918741,1.71056,-0.522478,1.50348,0,0,0
1918744,1.70973,-0.521578,1.50378,0,0,0
1918745,1.70926,-0.521069,1.50379,0,0,0
1918746,1.70886,-0.520788,1.50396,0,0,0
1918749,1.70758,-0.519561,1.50421,0,0,0
1918750,1.70708,-0.519152,1.50433,0,0,0
1918751,1.70657,-0.518687,1.50439,0,0,0
1918754,1.70475,-0.51736,1.5048,0,0,0
1918755,1.70412,-0.516872,1.50492,0,0,0
1918756,1.70342,-0.516377,1.50499,0,0,0
1918759,1.70114,-0.514806,1.50524,0,0,0
1918760,1.70032,-0.514307,1.50536,0,0,0
1918761,1.69959,-0.51374,1.50548,0,0,0
1918764,1.69714,-0.512018,1.50579,0,0,0
1918765,1.69616,-0.511451,1.50586,0,0,0
1918766,1.69514,-0.510907,1.50584,0,0,0
1918769,1.69262,-0.509874,1.50708,0,0,0
1918770,1.6916,-0.509078,1.50712,0,0,0
1918771,1.69045,-0.508653,1.50717,0,0,0
1918774,1.68696,-0.506147,1.50589,0,0,0
1918775,1.68588,-0.505529,1.50591,0,0,0
1918776,1.68486,-0.505001,1.50599,0,0,0
1918779,1.68165,-0.503264,1.50642,0,0,0
1918780,1.68019,-0.50242,1.50618,0,0,0
1918781,1.67896,-0.501778,1.50618,0,0,0
1918784,1.67537,-0.499965,1.50618,0,0,0
1918785,1.6741,-0.499356,1.50621,0,0,0
1918786,1.67289,-0.498739,1.50623,0,0,0
1918789,1.66938,-0.496988,1.50639,0,0,0
1918790,1.66807,-0.49623,1.50622,0,0,0
1918791,1.66247,-0.4934,1.50617,0,0,0
1918794,1.66247,-0.4934,1.50617,0,0,0
1918795,1.66099,-0.492817,1.50636,0,0,0
1918796,1.65962,-0.492295,1.50621,0,0,0
1918799,1.65544,-0.490409,1.5061,0,0,0
1918800,1.65397,-0.489865,1.5061,0,0,0
1918801,1.65244,-0.489196,1.50608,0,0,0
1918804,1.64832,-0.487179,1.50616,0,0,0
1918805,1.64671,-0.486743,1.50619,0,0,0
1918806,1.64529,-0.48611,1.50616,0,0,0
1918809,1.6407,-0.48451,1.50613,0,0,0
1918810,1.63899,-0.483944,1.50608,0,0,0
1918811,1.63748,-0.483442,1.50621,0,0,0
1918814,1.63293,-0.48169,1.50616,0,0,0
1918815,1.63129,-0.481213,1.50626,0,0,0
1918816,1.62967,-0.480664,1.50629,0,0,0
1918819,1.6249,-0.479209,1.50641,0,0,0
1918820,1.6233,-0.478818,1.50662,0,0,0
1918821,1.62173,-0.478273,1.50655,0,0,0
1918824,1.6168,-0.476629,1.50655,0,0,0
1918825,1.61536,-0.476318,1.5068,0,0,0
1918826,1.6138,-0.476072,1.50688,0,0,0
1918829,1.6089,-0.474503,1.50675,0,0,0
1918830,1.60718,-0.474035,1.50691,0,0,0
1918831,1.60537,-0.473565,1.50691,0,0,0
1918834,1.60077,-0.47203,1.50724,0,0,0
1918835,1.59898,-0.471641,1.50721,0,0,0
1918836,1.59727,-0.471285,1.50725,0,0,0
1918839,1.59249,-0.470291,1.50734,0,0,0
1918840,1.59101,-0.470237,1.50779,0,0,0
1918841,1.58913,-0.469551,1.5075,0,0,0
1918844,1.58447,-0.468321,1.50757,0,0,0
1918845,1.58297,-0.46803,1.50767,0,0,0
1918846,1.58142,-0.467667,1.50767,0,0,0
1918849,1.57664,-0.466434,1.50769,0,0,0
1918850,1.57461,-0.46635,1.5076,0,0,0
1918851,1.57313,-0.465944,1.50759,0,0,0
1918854,1.56898,-0.464803,1.50792,0,0,0
1918855,1.56756,-0.464343,1.50789,0,0,0
1918856,1.56605,-0.463846,1.50794,0,0,0
1918859,1.56165,-0.462943,1.50787,0,0,0
1918860,1.56033,-0.462762,1.50783,0,0,0
1918861,1.55883,-0.462481,1.50778,0,0,0
1918864,1.55482,-0.461631,1.50773,0,0,0
1918865,1.55307,-0.461099,1.50745,0,0,0
1918866,1.55169,-0.460817,1.50748,0,0,0
1918869,1.54758,-0.46024,1.50731,0,0,0
1918870,1.54616,-0.460022,1.50732,0,0,0
1918871,1.54498,-0.459774,1.50727,0,0,0
1918874,1.54084,-0.459109,1.50692,0,0,0
1918875,1.5395,-0.45892,1.50679,0,0,0
1918876,1.53813,-0.458913,1.50639,0,0,0
1918879,1.53442,-0.458374,1.50673,0,0,0
1918880,1.53283,-0.457937,1.50634,0,0,0
1918881,1.53165,-0.457871,1.50638,0,0,0
1918884,1.52787,-0.457417,1.50617,0,0,0
1918885,1.52669,-0.457287,1.5061,0,0,0
1918886,1.52547,-0.457193,1.50606,0,0,0
1918889,1.52177,-0.45678,1.5059,0,0,0
1918890,1.52058,-0.456722,1.50585,0,0,0
1918891,1.51942,-0.4567,1.5058,0,0,0
1918894,1.51602,-0.456553,1.50561,0,0,0
1918895,1.51488,-0.456529,1.50552,0,0,0
1918896,1.51373,-0.456495,1.50546,0,0,0
1918899,1.51042,-0.456505,1.50533,0,0,0
1918900,1.50943,-0.456373,1.50528,0,0,0
1918901,1.50828,-0.456391,1.50525,0,0,0
1918904,1.50485,-0.456534,1.50498,0,0,0
1918905,1.50376,-0.456553,1.50494,0,0,0
1918906,1.50266,-0.456641,1.50488,0,0,0
1918909,1.49992,-0.456699,1.50497,0,0,0
1918910,1.49903,-0.456849,1.50501,0,0,0
1918911,1.49808,-0.456901,1.50491,0,0,0
1918914,1.49498,-0.456982,1.50493,0,0,0
1918915,1.49383,-0.456984,1.50489,0,0,0
1918916,1.49271,-0.456988,1.50484,0,0,0
1918919,1.48989,-0.456904,1.50488,0,0,0
1918920,1.4891,-0.456861,1.5049,0,0,0
1918921,1.48831,-0.456896,1.50493,0,0,0
1918924,1.48624,-0.457014,1.50505,0,0,0
1918925,1.48582,-0.45712,1.50513,0,0,0
1918926,1.48549,-0.457274,1.50521,0,0,0
1918929,1.48511,-0.457897,1.50534,0,0,0
1918930,1.48517,-0.458218,1.50542,0,0,0
1918931,1.48533,-0.458537,1.50545,0,0,0
1918934,1.48637,-0.459739,1.50545,0,0,0
1918935,1.48681,-0.460229,1.50551,0,0,0
1918936,1.48733,-0.460779,1.50551,0,0,0
1918939,1.48969,-0.463027,1.50563,0,0,0
1918940,1.4906,-0.463821,1.50566,0,0,0
1918941,1.4915,-0.464338,1.50549,0,0,0
1918944,1.49478,-0.466838,1.50548,0,0,0
1918945,1.496,-0.467752,1.50536,0,0,0
1918946,1.4974,-0.468777,1.50522,0,0,0
1918949,1.50166,-0.472184,1.50499,0,0,0
1918950,1.50334,-0.473325,1.50497,0,0,0
1918951,1.50494,-0.474562,1.5049,0,0,0
1918954,1.50999,-0.479,1.50455,0,0,0
1918955,1.51166,-0.480509,1.5045,0,0,0
1918956,1.51328,-0.482285,1.50445,0,0,0
1918959,1.51882,-0.487783,1.50426,0,0,0
1918960,1.5207,-0.489624,1.50402,0,0,0
1918961,1.52271,-0.491941,1.50386,0,0,0
1918964,1.52841,-0.49854,1.50355,0,0,0
1918965,1.53051,-0.50117,1.50356,0,0,0
1918966,1.53225,-0.503761,1.50356,0,0,0
1918969,1.53864,-0.511808,1.50306,0,0,0
1918970,1.54053,-0.514946,1.50291,0,0,0
1918971,1.54278,-0.517932,1.50288,0,0,0
1918974,1.54878,-0.52752,1.50248,0,0,0
1918975,1.55113,-0.531164,1.50261,0,0,0
1918976,1.55294,-0.534493,1.50232,0,0,0
1918979,1.55891,-0.545601,1.50191,0,0,0
1918980,1.56148,-0.549533,1.50203,0,0,0
1918981,1.56291,-0.553443,1.50178,0,0,0
1918984,1.56937,-0.565267,1.50154,0,0,0
1918985,1.57124,-0.569488,1.50131,0,0,0
1918986,1.57335,-0.573651,1.50123,0,0,0
1918989,1.57966,-0.587224,1.50131,0,0,0
1918990,1.58146,-0.591829,1.50103,0,0,0
1918991,1.58343,-0.59645,1.5009,0,0,0
1918994,1.58949,-0.611258,1.50093,0,0,0
1918995,1.59102,-0.616019,1.50087,0,0,0
1918996,1.59286,-0.621295,1.50089,0,0,0
1918999,1.59785,-0.637141,1.50058,0,0,0
1919000,1.59967,-0.642672,1.50047,0,0,0
1919001,1.60129,-0.648063,1.50044,0,0,0
1919004,1.6056,-0.665699,1.50022,0,0,0
1919005,1.60723,-0.671454,1.49999,0,0,0
1919006,1.60858,-0.677395,1.50002,0,0,0
1919009,1.6122,-0.6959,1.49967,0,0,0
1919010,1.61336,-0.701889,1.4996,0,0,0
1919011,1.61426,-0.708584,1.4995,0,0,0
1919014,1.61696,-0.728251,1.49917,0,0,0
1919015,1.61785,-0.734933,1.4991,0,0,0
1919016,1.61855,-0.741504,1.49904,0,0,0
1919019,1.62014,-0.762641,1.49872,0,0,0
1919020,1.62077,-0.769633,1.49869,0,0,0
1919021,1.62103,-0.776783,1.49871,0,0,0
1919024,1.62174,-0.798751,1.49833,0,0,0
1919025,1.62177,-0.806243,1.49834,0,0,0
1919026,1.62185,-0.813754,1.49841,0,0,0
1919029,1.62123,-0.836457,1.4983,0,0,0
1919030,1.62047,-0.844759,1.49815,0,0,0
1919031,1.61997,-0.852622,1.49821,0,0,0
1919034,1.61901,-0.876757,1.49908,0,0,0
1919035,1.6185,-0.884511,1.49883,0,0,0
1919036,1.61704,-0.892385,1.49857,0,0,0
1919039,1.61354,-0.917024,1.4983,0,0,0
1919040,1.61218,-0.925349,1.49842,0,0,0
1919041,1.61092,-0.933423,1.49852,0,0,0
1919044,1.60638,-0.958872,1.49866,0,0,0
1919045,1.60449,-0.967762,1.49882,0,0,0
1919046,1.6028,-0.976053,1.49891,0,0,0
1919049,1.59705,-1.00203,1.49942,0,0,0
1919050,1.59477,-1.01048,1.49916,0,0,0
1919051,1.59239,-1.01966,1.49933,0,0,0
1919054,1.5849,-1.04621,1.49975,0,0,0
1919055,1.58226,-1.05499,1.49953,0,0,0
1919056,1.5796,-1.06383,1.50004,0,0,0
1919059,1.5704,-1.09057,1.50033,0,0,0
1919060,1.56716,-1.09963,1.5007,0,0,0
1919061,1.56401,-1.10848,1.50078,0,0,0
1919064,1.55348,-1.13548,1.50131,0,0,0
1919065,1.54953,-1.14447,1.50138,0,0,0
1919066,1.54564,-1.15351,1.50162,0,0,0
1919069,1.53348,-1.18115,1.50204,0,0,0
1919070,1.52933,-1.18983,1.50217,0,0,0
1919071,1.52474,-1.19888,1.50232,0,0,0
1919074,1.51167,-1.22627,1.50285,0,0,0
1919075,1.50698,-1.23527,1.50316,0,0,0
1919076,1.5023,-1.24412,1.5038,0,0,0
1919079,1.48703,-1.27096,1.50403,0,0,0
1919080,1.48226,-1.27996,1.50394,0,0,0
1919081,1.47682,-1.28866,1.50475,0,0,0
1919084,1.46052,-1.31611,1.50475,0,0,0
1919085,1.45514,-1.3247,1.505,0,0,0
1919086,1.44886,-1.33347,1.50507,0,0,0
1919089,1.4325,-1.35971,1.50705,0,0,0
1919090,1.42565,-1.36877,1.50641,0,0,0
1919091,1.4191,-1.37777,1.50625,0,0,0
1919094,1.3999,-1.40386,1.50724,0,0,0
1919095,1.39187,-1.41245,1.50624,0,0,0
1919096,1.38604,-1.42052,1.50709,0,0,0
1919099,1.36496,-1.44583,1.50753,0,0,0
1919100,1.3575,-1.4542,1.50731,0,0,0
1919101,1.35112,-1.4627,1.50853,0,0,0
1919104,1.32776,-1.48735,1.50805,0,0,0
1919105,1.3197,-1.49574,1.50823,0,0,0
1919106,1.3112,-1.50406,1.50792,0,0,0
1919109,1.28691,-1.52839,1.50823,0,0,0
1919110,1.27849,-1.53607,1.50815,0,0,0
1919111,1.27157,-1.54363,1.50951,0,0,0
1919114,1.24545,-1.56656,1.50969,0,0,0
1919115,1.2361,-1.57426,1.50959,0,0,0
1919116,1.22699,-1.58339,1.50975,0,0,0
1919119,1.20002,-1.60495,1.50974,0,0,0
1919120,1.19177,-1.61131,1.51111,0,0,0
1919121,1.18183,-1.61897,1.51061,0,0,0
1919124,1.15245,-1.64086,1.51048,0,0,0
1919125,1.14362,-1.64701,1.51185,0,0,0
1919126,1.13352,-1.65401,1.51143,0,0,0
1919129,1.10339,-1.67398,1.51261,0,0,0
1919130,1.09325,-1.68036,1.51253,0,0,0
1919131,1.08262,-1.68731,1.51279,0,0,0
1919134,1.05167,-1.70519,1.51355,0,0,0
1919135,1.04044,-1.71162,1.51326,0,0,0
1919136,1.02992,-1.71777,1.51377,0,0,0
1919139,0.996628,-1.73529,1.51319,0,0,0
1919140,0.985791,-1.74171,1.51388,0,0,0
1919141,0.975269,-1.746,1.51439,0,0,0
1919144,0.941787,-1.76204,1.51456,0,0,0
1919145,0.930231,-1.7668,1.51491,0,0,0
1919146,0.918638,-1.77175,1.515,0,0,0
1919149,0.883114,-1.78582,1.51416,0,0,0
1919150,0.871461,-1.79007,1.5144,0,0,0
1919151,0.860289,-1.79504,1.51534,0,0,0
1919154,0.823486,-1.80772,1.51432,0,0,0
1919155,0.812372,-1.81141,1.51517,0,0,0
1919156,0.800055,-1.81583,1.51507,0,0,0
1919159,0.763675,-1.82732,1.51494,0,0,0
1919160,0.75303,-1.82994,1.51604,0,0,0
1919161,0.740084,-1.83444,1.51564,0,0,0
1919164,0.702801,-1.84401,1.51513,0,0,0
1919165,0.690341,-1.84693,1.51541,0,0,0
1919166,0.67789,-1.84981,1.51531,0,0,0
1919169,0.640823,-1.85749,1.5159,0,0,0
1919170,0.627546,-1.86013,1.51513,0,0,0
1919171,0.615161,-1.86233,1.51556,0,0,0
1919174,0.57673,-1.86877,1.51546,0,0,0
1919175,0.564026,-1.87034,1.51558,0,0,0
1919176,0.5509,-1.87229,1.51566,0,0,0
1919179,0.512235,-1.87658,1.51565,0,0,0
1919180,0.4992,-1.87758,1.51552,0,0,0
1919181,0.486167,-1.87869,1.51554,0,0,0
1919184,0.445707,-1.88133,1.51446,0,0,0
1919185,0.432459,-1.88146,1.51436,0,0,0
1919186,0.419813,-1.88193,1.51532,0,0,0
1919189,0.380364,-1.88185,1.51512,0,0,0
1919190,0.366827,-1.8816,1.51499,0,0,0
1919191,0.353773,-1.8813,1.51506,0,0,0
1919194,0.314082,-1.87897,1.5152,0,0,0
1919195,0.300651,-1.87814,1.51523,0,0,0
1919196,0.286631,-1.87776,1.51466,0,0,0
1919199,0.247284,-1.87296,1.51497,0,0,0
1919200,0.233617,-1.87158,1.51467,0,0,0
1919201,0.219488,-1.87049,1.51381,0,0,0
1919204,0.180636,-1.86384,1.51482,0,0,0
1919205,0.167168,-1.86142,1.51468,0,0,0
1919206,0.152924,-1.85996,1.51366,0,0,0
1919209,0.113359,-1.85214,1.51356,0,0,0
1919210,0.0999725,-1.84961,1.51326,0,0,0
1919211,0.0866786,-1.84685,1.51291,0,0,0
1919214,0.0483993,-1.83668,1.51378,0,0,0
1919215,0.0359469,-1.83247,1.51393,0,0,0
1919216,0.0229145,-1.82918,1.51381,0,0,0
1919219,-0.0167693,-1.8187,1.51313,0,0,0
1919220,-0.0296305,-1.81421,1.5129,0,0,0
1919221,-0.0424212,-1.81002,1.51251,0,0,0
1919224,-0.0801195,-1.79612,1.51289,0,0,0
1919225,-0.0930891,-1.79246,1.51227,0,0,0
1919226,-0.106278,-1.78844,1.51155,0,0,0
1919229,-0.14307,-1.77327,1.51132,0,0,0
1919230,-0.155537,-1.76918,1.51134,0,0,0
1919231,-0.167392,-1.76298,1.51207,0,0,0
1919234,-0.205145,-1.74878,1.51031,0,0,0
1919235,-0.215872,-1.74244,1.51102,0,0,0
1919236,-0.229151,-1.73813,1.51037,0,0,0
1919239,-0.264361,-1.72122,1.50981,0,0,0
1919240,-0.275779,-1.7145,1.51028,0,0,0
1919241,-0.28746,-1.70865,1.51026,0,0,0
1919244,-0.323882,-1.69126,1.50927,0,0,0
1919245,-0.334871,-1.68467,1.50903,0,0,0
1919246,-0.345989,-1.67706,1.50974,0,0,0
1919249,-0.379859,-1.65613,1.50884,0,0,0
1919250,-0.391792,-1.65023,1.50793,0,0,0
1919251,-0.402498,-1.64276,1.50833,0,0,0
1919254,-0.434336,-1.61857,1.50792,0,0,0
1919255,-0.445681,-1.61115,1.5074,0,0,0
1919256,-0.456616,-1.60362,1.50738,0,0,0
1919259,-0.487939,-1.57773,1.50651,0,0,0
1919260,-0.498044,-1.56936,1.50701,0,0,0
1919261,-0.508172,-1.5602,1.50676,0,0,0
1919264,-0.53842,-1.53331,1.50606,0,0,0
1919265,-0.548119,-1.52398,1.50553,0,0,0
1919266,-0.558016,-1.51456,1.50524,0,0,0
1919269,-0.587795,-1.48541,1.5048,0,0,0
1919270,-0.596442,-1.47475,1.50476,0,0,0
1919271,-0.60643,-1.4655,1.50438,0,0,0
1919274,-0.634103,-1.43486,1.5027,0,0,0
1919275,-0.642719,-1.42418,1.50307,0,0,0
1919276,-0.651827,-1.41353,1.50231,0,0,0
1919279,-0.677964,-1.38075,1.50123,0,0,0
1919280,-0.686171,-1.3692,1.50096,0,0,0
1919281,-0.694655,-1.35806,1.50054,0,0,0
1919284,-0.719027,-1.32455,1.49963,0,0,0
1919285,-0.726778,-1.31301,1.49922,0,0,0
1919286,-0.73441,-1.30117,1.49896,0,0,0
1919289,-0.757022,-1.26574,1.49811,0,0,0
1919290,-0.764045,-1.25328,1.49781,0,0,0
1919291,-0.771369,-1.24137,1.49774,0,0,0
1919294,-0.791847,-1.20434,1.49673,0,0,0
1919295,-0.798697,-1.19232,1.49636,0,0,0
1919296,-0.805251,-1.17916,1.49615,0,0,0
1919299,-0.823549,-1.14145,1.49529,0,0,0
1919300,-0.829407,-1.12814,1.49511,0,0,0
1919301,-0.835328,-1.11558,1.49479,0,0,0
1919304,-0.852196,-1.07581,1.49388,0,0,0
1919305,-0.857363,-1.06225,1.49366,0,0,0
1919306,-0.86247,-1.04949,1.49305,0,0,0
1919309,-0.877409,-1.00882,1.49215,0,0,0
1919310,-0.881078,-0.994199,1.49263,0,0,0
1919311,-0.886222,-0.981397,1.4915,0,0,0
1919314,-0.898755,-0.939354,1.49068,0,0,0
1919315,-0.903083,-0.925387,1.4907,0,0,0
1919316,-0.907131,-0.911842,1.49029,0,0,0
1919319,-0.917478,-0.869484,1.48935,0,0,0
1919320,-0.920719,-0.854876,1.4893,0,0,0
1919321,-0.923693,-0.84076,1.48892,0,0,0
1919324,-0.932229,-0.7976,1.48805,0,0,0
1919325,-0.934712,-0.783619,1.48784,0,0,0
1919326,-0.936952,-0.768907,1.48709,0,0,0
1919329,-0.942986,-0.725156,1.48692,0,0,0
1919330,-0.944927,-0.710807,1.48642,0,0,0
1919331,-0.946041,-0.697037,1.48609,0,0,0
1919334,-0.949971,-0.652271,1.48534,0,0,0
1919335,-0.951093,-0.637911,1.48535,0,0,0
1919336,-0.951895,-0.622634,1.48479,0,0,0
1919339,-0.95365,-0.578825,1.48429,0,0,0
1919340,-0.95409,-0.563981,1.48402,0,0,0
1919341,-0.954124,-0.548424,1.48394,0,0,0
1919344,-0.953799,-0.503976,1.48338,0,0,0
1919345,-0.953382,-0.48948,1.48311,0,0,0
1919346,-0.951562,-0.476184,1.48366,0,0,0
1919349,-0.949224,-0.429717,1.48354,0,0,0
1919350,-0.948187,-0.414698,1.4835,0,0,0
1919351,-0.946862,-0.400174,1.48331,0,0,0
1919354,-0.941664,-0.355118,1.48305,0,0,0
1919355,-0.939865,-0.340613,1.48261,0,0,0
1919356,-0.936665,-0.3286,1.48351,0,0,0
1919359,-0.930497,-0.2813,1.48221,0,0,0
1919360,-0.927365,-0.268298,1.48213,0,0,0
1919361,-0.923803,-0.254559,1.48234,0,0,0
1919364,-0.9153,-0.20782,1.48157,0,0,0
1919365,-0.911936,-0.193075,1.48125,0,0,0
1919366,-0.908221,-0.178854,1.48143,0,0,0
1919369,-0.897085,-0.134196,1.48089,0,0,0
1919370,-0.892681,-0.120135,1.48097,0,0,0
1919371,-0.888345,-0.105088,1.4806,0,0,0
1919374,-0.874981,-0.061374,1.48019,0,0,0
1919375,-0.870088,-0.0468806,1.47997,0,0,0
1919376,-0.865289,-0.0324369,1.47998,0,0,0
1919379,-0.849687,0.0110612,1.47947,0,0,0
1919380,-0.844102,0.0249876,1.47947,0,0,0
1919381,-0.838451,0.0393722,1.47949,0,0,0
1919384,-0.820711,0.0804257,1.47893,0,0,0
1919385,-0.814224,0.0945239,1.47854,0,0,0
1919386,-0.807614,0.10839,1.47833,0,0,0
1919389,-0.787944,0.149815,1.47804,0,0,0
1919390,-0.781023,0.16342,1.47791,0,0,0
1919391,-0.774054,0.17702,1.47781,0,0,0
1919394,-0.752152,0.217615,1.47762,0,0,0
1919395,-0.744509,0.23089,1.47744,0,0,0
1919396,-0.736718,0.244574,1.47733,0,0,0
1919399,-0.713181,0.283897,1.47716,0,0,0
1919400,-0.704943,0.296799,1.47708,0,0,0
1919401,-0.696708,0.30962,1.47701,0,0,0
1919404,-0.670893,0.347748,1.47677,0,0,0
1919405,-0.661975,0.360288,1.47667,0,0,0
1919406,-0.653092,0.373113,1.47661,0,0,0
1919409,-0.625665,0.409931,1.47626,0,0,0
1919410,-0.616328,0.422275,1.47629,0,0,0
1919411,-0.606732,0.434399,1.47625,0,0,0
1919414,-0.577551,0.469059,1.47509,0,0,0
1919415,-0.567641,0.481465,1.47585,0,0,0
1919416,-0.558809,0.493853,1.47473,0,0,0
1919419,-0.527675,0.527807,1.47438,0,0,0
1919420,-0.516639,0.537941,1.47568,0,0,0
1919421,-0.505772,0.54911,1.47575,0,0,0
1919424,-0.472775,0.581368,1.47503,0,0,0
1919425,-0.461765,0.592017,1.47505,0,0,0
1919426,-0.450601,0.602707,1.47524,0,0,0
1919429,-0.417057,0.634132,1.47532,0,0,0
1919430,-0.405687,0.644079,1.47543,0,0,0
1919431,-0.394031,0.653923,1.47551,0,0,0
1919434,-0.360084,0.683932,1.47462,0,0,0
1919435,-0.347976,0.693315,1.47524,0,0,0
1919436,-0.334959,0.701646,1.47611,0,0,0
1919439,-0.298129,0.728948,1.47627,0,0,0
1919440,-0.285954,0.73768,1.47656,0,0,0
1919441,-0.273237,0.746602,1.47664,0,0,0
1919444,-0.23534,0.772573,1.47657,0,0,0
1919445,-0.222787,0.780856,1.4765,0,0,0
1919446,-0.21004,0.788961,1.47714,0,0,0
1919449,-0.17162,0.812257,1.47762,0,0,0
1919450,-0.158221,0.820103,1.47799,0,0,0
1919451,-0.145105,0.826955,1.47778,0,0,0
1919454,-0.105395,0.849256,1.47898,0,0,0
1919455,-0.0918659,0.856535,1.47894,0,0,0
1919456,-0.0785756,0.863076,1.47958,0,0,0
1919459,-0.0380943,0.882394,1.48076,0,0,0
1919460,-0.0241578,0.88891,1.48086,0,0,0
1919461,-0.0104805,0.895006,1.48114,0,0,0
1919464,0.03064,0.911995,1.48236,0,0,0
1919465,0.0447187,0.917543,1.48254,0,0,0
1919466,0.0587125,0.923029,1.48298,0,0,0
1919469,0.101169,0.938149,1.48439,0,0,0
1919470,0.115151,0.942856,1.48443,0,0,0
1919471,0.129481,0.947542,1.48511,0,0,0
1919474,0.172636,0.960498,1.48593,0,0,0
1919475,0.18642,0.965316,1.48609,0,0,0
1919476,0.199776,0.969236,1.48611,0,0,0
1919479,0.243343,0.980015,1.48696,0,0,0
1919480,0.258072,0.983404,1.48751,0,0,0
1919481,0.272486,0.986428,1.48813,0,0,0
1919484,0.316889,0.995153,1.48887,0,0,0
1919485,0.331551,0.997545,1.48932,0,0,0
1919486,0.345905,0.999849,1.48958,0,0,0
1919489,0.390423,1.00594,1.49079,0,0,0
1919490,0.405021,1.00781,1.49106,0,0,0
1919491,0.420395,1.009,1.49147,0,0,0
1919494,0.46448,1.01336,1.49232,0,0,0
1919495,0.479136,1.01469,1.49266,0,0,0
1919496,0.494312,1.01548,1.49269,0,0,0
1919499,0.538507,1.01776,1.49426,0,0,0
1919500,0.55386,1.01747,1.49554,0,0,0
1919501,0.568955,1.01784,1.49564,0,0,0
1919504,0.613112,1.0174,1.49657,0,0,0
1919505,0.628499,1.01677,1.49671,0,0,0
1919506,0.642287,1.01701,1.49693,0,0,0
1919509,0.685669,1.01526,1.49812,0,0,0
1919510,0.701148,1.01393,1.49858,0,0,0
1919511,0.715861,1.01274,1.49898,0,0,0
1919514,0.759617,1.00784,1.49991,0,0,0
1919515,0.774294,1.00599,1.50056,0,0,0
1919516,0.789098,1.00407,1.50085,0,0,0
1919519,0.831689,0.997793,1.50177,0,0,0
1919520,0.846206,0.995357,1.50189,0,0,0
1919521,0.860458,0.992667,1.50221,0,0,0
1919524,0.903677,0.983397,1.50307,0,0,0
1919525,0.917876,0.979968,1.50352,0,0,0
1919526,0.932358,0.976487,1.50366,0,0,0
1919529,0.974876,0.965083,1.50431,0,0,0
1919530,0.988767,0.961002,1.50463,0,0,0
1919531,1.00355,0.956061,1.50498,0,0,0
1919534,1.04496,0.943293,1.5056,0,0,0
1919535,1.05899,0.939078,1.50567,0,0,0
1919536,1.07217,0.934221,1.50578,0,0,0
1919539,1.11378,0.918992,1.50668,0,0,0
1919540,1.12704,0.913666,1.50693,0,0,0
1919541,1.14034,0.908266,1.50701,0,0,0
1919544,1.18074,0.891607,1.50732,0,0,0
1919545,1.19431,0.885669,1.50755,0,0,0
1919546,1.20708,0.879111,1.50814,0,0,0
1919549,1.24609,0.859776,1.50865,0,0,0
1919550,1.25864,0.853558,1.50874,0,0,0
1919551,1.27164,0.846764,1.50904,0,0,0
1919554,1.30947,0.825874,1.5097,0,0,0
1919555,1.32197,0.818509,1.50994,0,0,0
1919556,1.33446,0.811599,1.50953,0,0,0
1919559,1.37086,0.787738,1.51093,0,0,0
1919560,1.38318,0.780234,1.51051,0,0,0
1919561,1.39535,0.772196,1.51091,0,0,0
1919564,1.43078,0.747038,1.51147,0,0,0
1919565,1.44241,0.738432,1.51169,0,0,0
1919566,1.45391,0.729635,1.5119,0,0,0
1919569,1.48733,0.702641,1.51204,0,0,0
1919570,1.49868,0.693376,1.51277,0,0,0
1919571,1.50993,0.683956,1.51303,0,0,0
1919574,1.54242,0.655302,1.51381,0,0,0
1919575,1.55277,0.645616,1.51388,0,0,0
1919576,1.56362,0.635745,1.51409,0,0,0
1919579,1.5944,0.605361,1.51499,0,0,0
1919580,1.60466,0.595183,1.51535,0,0,0
1919581,1.61468,0.584642,1.51542,0,0,0
1919584,1.64394,0.552608,1.51623,0,0,0
1919585,1.65325,0.541837,1.51648,0,0,0
1919586,1.66282,0.530753,1.51688,0,0,0
1919589,1.69031,0.497083,1.51762,0,0,0
1919590,1.69917,0.485904,1.51757,0,0,0
1919591,1.70818,0.474293,1.51824,0,0,0
1919594,1.73384,0.439012,1.51898,0,0,0
1919595,1.7424,0.426915,1.51941,0,0,0
1919596,1.75072,0.41481,1.51937,0,0,0
1919599,1.77458,0.37815,1.52,0,0,0
1919600,1.78227,0.365791,1.52074,0,0,0
1919601,1.7896,0.353502,1.52059,0,0,0
1919604,1.81207,0.315299,1.52127,0,0,0
1919605,1.81891,0.302645,1.52143,0,0,0
1919606,1.82563,0.289785,1.52167,0,0,0
1919609,1.84624,0.250445,1.52217,0,0,0
1919610,1.85225,0.237547,1.52243,0,0,0
1919611,1.85866,0.224127,1.52288,0,0,0
1919614,1.87712,0.183962,1.52316,0,0,0
1919615,1.88277,0.170239,1.52354,0,0,0
1919616,1.88834,0.156441,1.52363,0,0,0
1919619,1.90425,0.115089,1.52407,0,0,0
1919620,1.90971,0.101413,1.52442,0,0,0
1919621,1.91461,0.0874651,1.52448,0,0,0
1919624,1.92891,0.0450945,1.52471,0,0,0
1919625,1.9331,0.0311584,1.52497,0,0,0
1919626,1.93745,0.0169413,1.52507,0,0,0
1919629,1.94956,-0.0256655,1.52524,0,0,0
1919630,1.95354,-0.0402126,1.52535,0,0,0
1919631,1.95684,-0.0545253,1.5256,0,0,0
1919634,1.96731,-0.0977786,1.52597,0,0,0
1919635,1.97082,-0.112048,1.5259,0,0,0
1919636,1.97354,-0.126388,1.52615,0,0,0
1919639,1.98241,-0.170071,1.5264,0,0,0
1919640,1.98458,-0.184586,1.52635,0,0,0
1919641,1.98704,-0.199036,1.5265,0,0,0
1919644,1.99377,-0.242315,1.52657,0,0,0
1919645,1.9959,-0.256827,1.52678,0,0,0
1919646,1.99789,-0.271347,1.52672,0,0,0
1919649,2.00322,-0.314655,1.52715,0,0,0
1919650,2.00504,-0.329297,1.52748,0,0,0
1919651,2.00652,-0.343447,1.52748,0,0,0
1919654,2.00997,-0.386038,1.52756,0,0,0
1919655,2.01074,-0.400324,1.5277,0,0,0
1919656,2.0117,-0.414475,1.52779,0,0,0
1919659,2.01416,-0.456594,1.52822,0,0,0
1919660,2.01494,-0.470566,1.52844,0,0,0
1919661,2.01573,-0.484701,1.52868,0,0,0
1919664,2.01674,-0.526312,1.52895,0,0,0
1919665,2.01706,-0.539883,1.52915,0,0,0
1919666,2.01734,-0.55357,1.52938,0,0,0
1919669,2.01824,-0.593873,1.53005,0,0,0
1919670,2.01833,-0.606532,1.53,0,0,0
1919671,2.0186,-0.620297,1.53072,0,0,0
1919674,2.01788,-0.659861,1.53168,0,0,0
1919675,2.01729,-0.673123,1.53181,0,0,0
1919676,2.01666,-0.686281,1.53197,0,0,0
1919679,2.0136,-0.72555,1.53194,0,0,0
1919680,2.01176,-0.738914,1.53215,0,0,0
1919681,2.01043,-0.75223,1.53242,0,0,0
1919684,2.00492,-0.791918,1.53277,0,0,0
1919685,2.00394,-0.805447,1.53472,0,0,0
1919686,2.00136,-0.818589,1.53497,0,0,0
1919689,1.99319,-0.857897,1.53495,0,0,0
1919690,1.99001,-0.870754,1.5351,0,0,0
1919691,1.98659,-0.884084,1.53509,0,0,0
1919694,1.97505,-0.923168,1.53404,0,0,0
1919695,1.97035,-0.935761,1.53342,0,0,0
1919696,1.96616,-0.948308,1.53297,0,0,0
1919699,1.95288,-0.988078,1.5338,0,0,0
1919700,1.94736,-1.00102,1.53316,0,0,0
1919701,1.94163,-1.01367,1.53243,0,0,0
1919704,1.9252,-1.05248,1.53246,0,0,0
1919705,1.91923,-1.06488,1.5319,0,0,0
1919706,1.91325,-1.078,1.53192,0,0,0
1919709,1.89452,-1.11592,1.53158,0,0,0
1919710,1.88767,-1.12773,1.53065,0,0,0
1919711,1.88086,-1.1406,1.53067,0,0,0
1919714,1.86064,-1.17782,1.53101,0,0,0
1919715,1.85309,-1.19002,1.53036,0,0,0
1919716,1.84582,-1.20209,1.53027,0,0,0
1919719,1.82313,-1.23837,1.52977,0,0,0
1919720,1.8153,-1.2502,1.52954,0,0,0
1919721,1.80756,-1.26232,1.52955,0,0,0
1919724,1.78339,-1.2974,1.52897,0,0,0
1919725,1.77558,-1.30948,1.52943,0,0,0
1919726,1.76714,-1.3209,1.52888,0,0,0
1919729,1.74197,-1.35496,1.52865,0,0,0
1919730,1.73289,-1.36675,1.52845,0,0,0
1919731,1.72385,-1.37803,1.52773,0,0,0
1919734,1.69764,-1.41123,1.52746,0,0,0
1919735,1.68857,-1.42248,1.52744,0,0,0
1919736,1.67959,-1.43304,1.52684,0,0,0
1919739,1.65308,-1.46514,1.52759,0,0,0
1919740,1.64443,-1.47577,1.52739,0,0,0
1919741,1.63538,-1.48632,1.52772,0,0,0
1919744,1.60799,-1.51807,1.52736,0,0,0
1919745,1.5988,-1.52853,1.5273,0,0,0
1919746,1.58942,-1.53829,1.52727,0,0,0
1919749,1.5611,-1.56858,1.52753,0,0,0
1919750,1.55083,-1.57817,1.52765,0,0,0
1919751,1.54202,-1.58865,1.52834,0,0,0
1919754,1.51085,-1.61663,1.52806,0,0,0
1919755,1.50191,-1.62446,1.52909,0,0,0
1919756,1.49009,-1.63419,1.52812,0,0,0
1919759,1.45647,-1.66078,1.52743,0,0,0
1919760,1.44511,-1.66979,1.52692,0,0,0
1919761,1.43407,-1.67804,1.52656,0,0,0
1919764,1.39926,-1.70339,1.52642,0,0,0
1919765,1.38775,-1.71117,1.52614,0,0,0
1919766,1.37581,-1.71936,1.52661,0,0,0
1919769,1.33929,-1.74214,1.52593,0,0,0
1919770,1.32665,-1.74958,1.52605,0,0,0
1919771,1.31485,-1.75694,1.52622,0,0,0
1919774,1.27583,-1.7765,1.52488,0,0,0
1919775,1.26263,-1.78476,1.52425,0,0,0
1919776,1.24979,-1.79096,1.52438,0,0,0
1919779,1.21072,-1.80916,1.5245,0,0,0
1919780,1.19724,-1.81554,1.52439,0,0,0
1919781,1.1837,-1.82168,1.52452,0,0,0
1919784,1.14166,-1.83903,1.52262,0,0,0
1919785,1.1281,-1.84403,1.52266,0,0,0
1919786,1.11495,-1.84836,1.5235,0,0,0
1919789,1.07229,-1.86382,1.52268,0,0,0
1919790,1.05803,-1.86825,1.52215,0,0,0
1919791,1.0433,-1.87363,1.52132,0,0,0
1919794,0.999523,-1.88632,1.52097,0,0,0
1919795,0.985725,-1.88969,1.52153,0,0,0
1919796,0.970968,-1.89349,1.52081,0,0,0
1919799,0.925806,-1.90507,1.51962,0,0,0
1919800,0.911427,-1.90854,1.5193,0,0,0
1919801,0.896672,-1.9105,1.51938,0,0,0
1919804,0.850871,-1.91945,1.51828,0,0,0
1919805,0.836796,-1.9216,1.5189,0,0,0
1919806,0.821701,-1.92356,1.51864,0,0,0
1919809,0.776621,-1.9298,1.51858,0,0,0
1919810,0.761476,-1.93164,1.51844,0,0,0
1919811,0.746175,-1.93302,1.51824,0,0,0
1919814,0.700002,-1.93708,1.51762,0,0,0
1919815,0.684765,-1.93818,1.51734,0,0,0
1919816,0.669245,-1.93899,1.51716,0,0,0
1919819,0.621718,-1.94168,1.51554,0,0,0
1919820,0.606109,-1.94204,1.5154,0,0,0
1919821,0.591211,-1.94139,1.51533,0,0,0
1919824,0.545491,-1.9402,1.51557,0,0,0
1919825,0.529529,-1.94001,1.5151,0,0,0
1919826,0.514456,-1.93896,1.51506,0,0,0
1919829,0.467776,-1.9361,1.51441,0,0,0
1919830,0.451733,-1.93564,1.51384,0,0,0
1919831,0.435936,-1.93441,1.51346,0,0,0
1919834,0.389565,-1.92879,1.51284,0,0,0
1919835,0.374429,-1.92738,1.51315,0,0,0
1919836,0.358546,-1.92561,1.51264,0,0,0
1919839,0.312782,-1.91827,1.51228,0,0,0
1919840,0.297304,-1.91551,1.51201,0,0,0
1919841,0.281242,-1.91322,1.51134,0,0,0
1919844,0.236074,-1.90298,1.51101,0,0,0
1919845,0.221088,-1.89954,1.51097,0,0,0
1919846,0.205572,-1.89625,1.51013,0,0,0
1919849,0.160639,-1.8847,1.51006,0,0,0
1919850,0.145374,-1.87973,1.50939,0,0,0
1919869,-0.129315,-1.77148,1.50539,0,0,0
1919889,-0.392439,-1.60554,1.4995,0,0,0
1919890,-0.405225,-1.59648,1.49869,0,0,0
1919899,-0.508596,-1.50323,1.49714,0,0,0
1919900,-0.520279,-1.49234,1.49671,0,0,0
1919905,-0.574127,-1.43733,1.49571,0,0,0
1919906,-0.585493,-1.42736,1.49524,0,0,0
1919910,-0.626926,-1.38173,1.49369,0,0,0
1919911,-0.636785,-1.37012,1.4935,0,0,0
1919914,-0.665668,-1.3341,1.49266,0,0,0
1919915,-0.674084,-1.3214,1.49325,0,0,0
1919916,-0.683014,-1.3093,1.49319,0,0,0
1919919,-0.711285,-1.2741,1.49157,0,0,0
1919920,-0.7198,-1.26153,1.49125,0,0,0
1919921,-0.728706,-1.24907,1.49136,0,0,0
1919924,-0.753702,-1.21156,1.49047,0,0,0
1919925,-0.761843,-1.19828,1.48996,0,0,0
1919926,-0.769829,-1.18582,1.48931,0,0,0
1919929,-0.792502,-1.14648,1.48864,0,0,0
1919930,-0.800018,-1.13364,1.48816,0,0,0
1919931,-0.807422,-1.12016,1.48817,0,0,0
1919934,-0.827976,-1.07986,1.48704,0,0,0
1919935,-0.834811,-1.06666,1.4868,0,0,0
1919936,-0.84087,-1.0526,1.48631,0,0,0
1919939,-0.859692,-1.01131,1.4854,0,0,0
1919940,-0.864546,-0.997388,1.48601,0,0,0
1919941,-0.871131,-0.984406,1.48496,0,0,0
1919944,-0.887162,-0.941999,1.48374,0,0,0
1919945,-0.892764,-0.928425,1.48329,0,0,0
1919946,-0.897688,-0.914276,1.48334,0,0,0
1919949,-0.911709,-0.8718,1.48196,0,0,0
1919950,-0.916274,-0.857515,1.48163,0,0,0
1919951,-0.92039,-0.843357,1.48138,0,0,0
1919954,-0.932092,-0.799655,1.48037,0,0,0
1919955,-0.934611,-0.787081,1.48074,0,0,0
1919956,-0.938873,-0.771316,1.47943,0,0,0
1919959,-0.948406,-0.727048,1.47855,0,0,0
1919960,-0.951256,-0.712831,1.47806,0,0,0
1919961,-0.953634,-0.698281,1.47777,0,0,0
1919964,-0.960341,-0.654315,1.47679,0,0,0
1919965,-0.962421,-0.640078,1.4763,0,0,0
1919966,-0.964175,-0.624752,1.4761,0,0,0
1919969,-0.967106,-0.584379,1.4771,0,0,0
1919970,-0.969056,-0.566852,1.47533,0,0,0
1919971,-0.970931,-0.551,1.47441,0,0,0
1919974,-0.972835,-0.506731,1.47333,0,0,0
1919975,-0.973406,-0.491734,1.47316,0,0,0
1919976,-0.97363,-0.477621,1.4727,0,0,0
1919979,-0.973183,-0.43297,1.4723,0,0,0
1919980,-0.972732,-0.418251,1.4718,0,0,0
1919981,-0.971944,-0.403545,1.47148,0,0,0
1919984,-0.968988,-0.359754,1.47064,0,0,0
1919985,-0.967584,-0.344756,1.47037,0,0,0
1919986,-0.966234,-0.330421,1.46999,0,0,0
1919989,-0.959066,-0.290235,1.47148,0,0,0
1919990,-0.956912,-0.275432,1.47119,0,0,0
1919991,-0.954831,-0.259643,1.46991,0,0,0
1919994,-0.946854,-0.215743,1.46919,0,0,0
1919995,-0.943991,-0.201105,1.46905,0,0,0
1919996,-0.941157,-0.185497,1.46931,0,0,0
1919999,-0.930861,-0.14211,1.46902,0,0,0
1920000,-0.926836,-0.128386,1.46936,0,0,0
1920001,-0.923306,-0.113576,1.46888,0,0,0
1920004,-0.910451,-0.0712193,1.46879,0,0,0
1920005,-0.90591,-0.0570602,1.46878,0,0,0
1920006,-0.901343,-0.0424114,1.46888,0,0,0
1920009,-0.886278,-0.000725621,1.46887,0,0,0
1920010,-0.881171,0.0130953,1.46872,0,0,0
1920011,-0.875694,0.0276223,1.46861,0,0,0
1920014,-0.858479,0.0683837,1.46855,0,0,0
1920015,-0.853122,0.0828372,1.46784,0,0,0
1920016,-0.847109,0.096231,1.46783,0,0,0
1920019,-0.826614,0.134769,1.46808,0,0,0
1920020,-0.819746,0.148348,1.46815,0,0,0
1920021,-0.812898,0.161648,1.46833,0,0,0
1920024,-0.791571,0.201062,1.46815,0,0,0
1920025,-0.783989,0.213914,1.46823,0,0,0
1920026,-0.776546,0.226772,1.46801,0,0,0
1920029,-0.752965,0.264903,1.46846,0,0,0
1920030,-0.744837,0.277403,1.46823,0,0,0
1920031,-0.736363,0.289969,1.46805,0,0,0
1920034,-0.710784,0.326886,1.46818,0,0,0
1920035,-0.702014,0.339043,1.46821,0,0,0
1920036,-0.693133,0.351146,1.46815,0,0,0
1920039,-0.665769,0.386616,1.46864,0,0,0
1920040,-0.656604,0.398934,1.46789,0,0,0
1920041,-0.647238,0.410391,1.46835,0,0,0
1920044,-0.619112,0.445426,1.46818,0,0,0
1920045,-0.609923,0.456629,1.46815,0,0,0
1920046,-0.599982,0.468043,1.46822,0,0,0
1920049,-0.570305,0.501351,1.46868,0,0,0
1920050,-0.5602,0.512175,1.46856,0,0,0
1920051,-0.549661,0.522195,1.46825,0,0,0
1920054,-0.518702,0.554549,1.46821,0,0,0
1920055,-0.508009,0.565029,1.46845,0,0,0
1920056,-0.497262,0.575742,1.46798,0,0,0
1920059,-0.464931,0.606024,1.46889,0,0,0
1920060,-0.453815,0.61587,1.46899,0,0,0
1920061,-0.442613,0.626044,1.46881,0,0,0
1920064,-0.408133,0.654081,1.47002,0,0,0
1920065,-0.396375,0.663635,1.46923,0,0,0
1920066,-0.38422,0.672328,1.46923,0,0,0
1920069,-0.348624,0.699205,1.47043,0,0,0
1920070,-0.336258,0.70824,1.46989,0,0,0
1920071,-0.324276,0.716226,1.4708,0,0,0
1920074,-0.2869,0.741234,1.47099,0,0,0
1920075,-0.274423,0.749183,1.47148,0,0,0
1920076,-0.263039,0.758117,1.47008,0,0,0
1920079,-0.224488,0.781389,1.47034,0,0,0
1920080,-0.211401,0.788761,1.47039,0,0,0
1920081,-0.198339,0.795917,1.47106,0,0,0
1920084,-0.158821,0.817032,1.47093,0,0,0
1920085,-0.145637,0.823838,1.47118,0,0,0
1920086,-0.132107,0.830482,1.47102,0,0,0
1920089,-0.0918993,0.849295,1.47184,0,0,0
1920090,-0.0780894,0.855549,1.47186,0,0,0
1920091,-0.0641739,0.861726,1.47183,0,0,0
1920094,-0.0230921,0.878579,1.47259,0,0,0
1920095,-0.00918294,0.883938,1.47262,0,0,0
1920096,0.00485752,0.88922,1.47285,0,0,0
1920099,0.0475376,0.904297,1.4733,0,0,0
1920100,0.0615853,0.909115,1.47346,0,0,0
1920101,0.0754442,0.91316,1.47432,0,0,0
1920104,0.118348,0.926665,1.47499,0,0,0
1920105,0.132546,0.930747,1.47527,0,0,0
1920106,0.147019,0.934357,1.47557,0,0,0
1920109,0.191058,0.945255,1.4761,0,0,0
1920110,0.206012,0.948875,1.47539,0,0,0
1920111,0.219869,0.952172,1.47608,0,0,0
1920114,0.264632,0.960422,1.47711,0,0,0
1920115,0.279063,0.962873,1.47742,0,0,0
1920116,0.293481,0.965822,1.4777,0,0,0
1920119,0.338277,0.972459,1.47801,0,0,0
1920120,0.353536,0.97415,1.4791,0,0,0
1920121,0.369481,0.975057,1.47993,0,0,0
1920124,0.414359,0.979504,1.48071,0,0,0
1920125,0.429513,0.980933,1.48105,0,0,0
1920126,0.444316,0.982067,1.48129,0,0,0
1920129,0.488876,0.984894,1.48148,0,0,0
1920130,0.503722,0.985291,1.48187,0,0,0
1920131,0.518933,0.985912,1.48216,0,0,0
1920134,0.564032,0.986533,1.48307,0,0,0
1920135,0.578791,0.986337,1.48336,0,0,0
1920136,0.594369,0.985548,1.4841,0,0,0
1920139,0.638964,0.984098,1.48517,0,0,0
1920140,0.653984,0.983399,1.48563,0,0,0
1920141,0.66805,0.983566,1.48557,0,0,0
1920144,0.712671,0.980174,1.4866,0,0,0
1920145,0.72707,0.979014,1.48681,0,0,0
1920146,0.741356,0.977114,1.48735,0,0,0
1920149,0.786317,0.971285,1.48885,0,0,0
1920150,0.800981,0.969091,1.4892,0,0,0
1920151,0.815587,0.966627,1.48957,0,0,0
1920154,0.85907,0.959115,1.49083,0,0,0
1920155,0.873206,0.956732,1.49079,0,0,0
1920156,0.887549,0.953166,1.49162,0,0,0
1920159,0.930787,0.942773,1.49278,0,0,0
1920160,0.94518,0.939074,1.49301,0,0,0
1920161,0.959643,0.935256,1.49337,0,0,0
1920164,1.00229,0.922795,1.49456,0,0,0
1920165,1.01635,0.918373,1.49509,0,0,0
1920166,1.03079,0.913494,1.49545,0,0,0
1920169,1.0722,0.899283,1.49641,0,0,0
1920170,1.08605,0.894298,1.49652,0,0,0
1920171,1.10062,0.888735,1.49746,0,0,0
1920174,1.14108,0.872651,1.49825,0,0,0
1920175,1.15453,0.86693,1.49865,0,0,0
1920176,1.16817,0.861524,1.49852,0,0,0
1920179,1.20793,0.843459,1.50015,0,0,0
1920180,1.22123,0.837499,1.5005,0,0,0
1920181,1.23469,0.831077,1.50123,0,0,0
1920184,1.27304,0.812853,1.50229,0,0,0
1920185,1.28611,0.806683,1.5023,0,0,0
1920186,1.29873,0.800324,1.50276,0,0,0
1920189,1.33613,0.779723,1.50458,0,0,0
1920190,1.34867,0.772765,1.50516,0,0,0
1920191,1.36091,0.765652,1.5056,0,0,0
1920194,1.39739,0.743837,1.50652,0,0,0
1920195,1.40942,0.736342,1.50713,0,0,0
1920196,1.42118,0.728368,1.50775,0,0,0
1920199,1.45612,0.704065,1.50896,0,0,0
1920200,1.46751,0.695707,1.50936,0,0,0
1920201,1.4791,0.687112,1.50965,0,0,0
1920204,1.51275,0.660702,1.51098,0,0,0
1920205,1.52392,0.651671,1.51162,0,0,0
1920206,1.53486,0.614109,1.51323,0,0,0
1920209,1.56712,0.614109,1.51323,0,0,0
1920210,1.57746,0.604552,1.51368,0,0,0
1920211,1.58796,0.594664,1.51415,0,0,0
1920214,1.61878,0.564253,1.51553,0,0,0
1920215,1.62867,0.55375,1.51599,0,0,0
1920216,1.63867,0.543409,1.51627,0,0,0
1920219,1.66763,0.510763,1.51839,0,0,0
1920220,1.67724,0.49966,1.51884,0,0,0
1920221,1.68622,0.48897,1.51903,0,0,0
1920224,1.71337,0.454915,1.52006,0,0,0
1920225,1.72239,0.443602,1.52044,0,0,0
1920226,1.73085,0.431772,1.52071,0,0,0
1920229,1.75684,0.396653,1.52096,0,0,0
1920230,1.76492,0.384537,1.52143,0,0,0
1920231,1.77328,0.372625,1.52165,0,0,0
1920234,1.79682,0.335833,1.52254,0,0,0
1920235,1.80447,0.322964,1.52299,0,0,0
1920236,1.81222,0.310385,1.52298,0,0,0
1920239,1.83364,0.272215,1.52375,0,0,0
1920240,1.84037,0.259263,1.52405,0,0,0
1920241,1.84731,0.2463,1.52456,0,0,0
1920244,1.86675,0.206552,1.52514,0,0,0
1920245,1.87319,0.193201,1.52558,0,0,0
1920246,1.87919,0.179398,1.52561,0,0,0
1920249,1.89667,0.138625,1.52659,0,0,0
1920250,1.90257,0.124478,1.52677,0,0,0
1920251,1.90833,0.110543,1.5273,0,0,0
1920254,1.92315,0.0691331,1.5278,0,0,0
1920255,1.92829,0.0548773,1.52833,0,0,0
1920256,1.93266,0.0410944,1.52832,0,0,0
1920259,1.94581,-0.00175772,1.529,0,0,0
1920260,1.95005,-0.0160757,1.5292,0,0,0
1920261,1.95396,-0.0306187,1.52958,0,0,0
1920264,1.9651,-0.0741984,1.53016,0,0,0
1920265,1.9685,-0.0890419,1.53038,0,0,0
1920266,1.97201,-0.103972,1.531,0,0,0
1920269,1.98048,-0.147829,1.53112,0,0,0
1920270,1.98339,-0.162928,1.53175,0,0,0
1920271,1.98567,-0.177597,1.53172,0,0,0
1920274,1.9921,-0.222397,1.53195,0,0,0
1920275,1.99385,-0.237324,1.53188,0,0,0
1920276,1.99564,-0.252288,1.53216,0,0,0
1920279,2.00011,-0.297485,1.53256,0,0,0
1920280,2.00116,-0.312728,1.53268,0,0,0
1920281,2.00237,-0.328046,1.53321,0,0,0
1920284,2.0043,-0.373515,1.53301,0,0,0
1920285,2.00459,-0.388638,1.53314,0,0,0
1920286,2.00485,-0.404131,1.53321,0,0,0
1920289,2.00444,-0.449516,1.53361,0,0,0
1920290,2.004,-0.464738,1.5337,0,0,0
1920291,2.00357,-0.479933,1.53386,0,0,0
1920294,2.00095,-0.525822,1.53407,0,0,0
1920295,2.00006,-0.541192,1.53456,0,0,0
1920296,1.99878,-0.556054,1.53428,0,0,0
1920299,1.99376,-0.601845,1.53443,0,0,0
1920300,1.99186,-0.616801,1.53384,0,0,0
1920301,1.98994,-0.631886,1.53415,0,0,0
1920304,1.98326,-0.677321,1.53474,0,0,0
1920305,1.98057,-0.692356,1.53477,0,0,0
1920306,1.97791,-0.707353,1.5347,0,0,0
1920309,1.96863,-0.752202,1.53419,0,0,0
1920310,1.96503,-0.767342,1.5342,0,0,0
1920311,1.96174,-0.781893,1.53418,0,0,0
1920314,1.95037,-0.826621,1.53412,0,0,0
1920315,1.94656,-0.841077,1.53394,0,0,0
1920316,1.94229,-0.856254,1.53413,0,0,0
1920319,1.92907,-0.899762,1.53378,0,0,0
1920320,1.92437,-0.914452,1.53372,0,0,0
1920321,1.91959,-0.928647,1.5336,0,0,0
1920324,1.90352,-0.97217,1.53339,0,0,0
1920325,1.89809,-0.986338,1.53329,0,0,0
1920326,1.89259,-1.00061,1.53327,0,0,0
1920329,1.87508,-1.04308,1.53318,0,0,0
1920330,1.86928,-1.05678,1.53308,0,0,0
1920331,1.86318,-1.07134,1.53349,0,0,0
1920334,1.84324,-1.11202,1.53255,0,0,0
1920335,1.83602,-1.12606,1.53245,0,0,0
1920336,1.82917,-1.13974,1.53241,0,0,0
1920339,1.80781,-1.1805,1.53259,0,0,0
1920340,1.80033,-1.19378,1.53261,0,0,0
1920341,1.79268,-1.20708,1.53238,0,0,0
1920344,1.76896,-1.24674,1.53222,0,0,0
1920345,1.76072,-1.25999,1.53227,0,0,0
1920346,1.75255,-1.27272,1.53193,0,0,0
1920349,1.72624,-1.31046,1.5313,0,0,0
1920350,1.71718,-1.32315,1.53078,0,0,0
1920351,1.70826,-1.33597,1.53087,0,0,0
1920354,1.68064,-1.37271,1.53035,0,0,0
1920355,1.67137,-1.38504,1.53053,0,0,0
1920356,1.66179,-1.3972,1.53032,0,0,0
1920359,1.63251,-1.43335,1.53028,0,0,0
1920360,1.62266,-1.44452,1.53004,0,0,0
1920361,1.61333,-1.45729,1.53065,0,0,0
1920364,1.58227,-1.4914,1.53001,0,0,0
1920365,1.57175,-1.50233,1.52997,0,0,0
1920366,1.56184,-1.51296,1.53048,0,0,0
1920369,1.52864,-1.54611,1.52956,0,0,0
1920370,1.51754,-1.55693,1.52935,0,0,0
1920371,1.5065,-1.56782,1.52917,0,0,0
1920374,1.47311,-1.59895,1.52985,0,0,0
1920375,1.46131,-1.60904,1.52932,0,0,0
1920376,1.44974,-1.61921,1.5291,0,0,0
1920379,1.41455,-1.6484,1.52896,0,0,0
1920380,1.40319,-1.65779,1.52885,0,0,0
1920381,1.39061,-1.66745,1.52891,0,0,0
1920384,1.35469,-1.69565,1.52891,0,0,0
1920385,1.34199,-1.70431,1.5283,0,0,0
1920386,1.33089,-1.71273,1.52916,0,0,0
1920389,1.2927,-1.73952,1.52812,0,0,0
1920390,1.28009,-1.74789,1.52851,0,0,0
1920391,1.26765,-1.75617,1.52832,0,0,0
1920394,1.2288,-1.7804,1.52787,0,0,0
1920395,1.21658,-1.78739,1.52888,0,0,0
1920396,1.204,-1.79494,1.52864,0,0,0
1920399,1.16328,-1.81745,1.5276,0,0,0
1920400,1.15013,-1.82493,1.52715,0,0,0
1920401,1.13669,-1.83169,1.52707,0,0,0
1920404,1.09706,-1.85112,1.52742,0,0,0
1920405,1.08343,-1.85793,1.5274,0,0,0
1920406,1.07004,-1.86404,1.52706,0,0,0
1920409,1.02769,-1.88249,1.52575,0,0,0
1920410,1.01319,-1.8884,1.52581,0,0,0
1920411,1.00092,-1.89295,1.52658,0,0,0
1920414,0.957095,-1.90964,1.52513,0,0,0
1920415,0.94343,-1.9145,1.52512,0,0,0
1920416,0.929038,-1.91937,1.52467,0,0,0
1920419,0.885948,-1.93299,1.52418,0,0,0
1920420,0.871724,-1.93688,1.52372,0,0,0
1920421,0.858293,-1.94029,1.52465,0,0,0
1920424,0.813653,-1.95268,1.52312,0,0,0
1920425,0.799115,-1.95585,1.52277,0,0,0
1920426,0.784613,-1.95919,1.52272,0,0,0
1920429,0.741538,-1.96766,1.52265,0,0,0
1920430,0.726994,-1.97012,1.52237,0,0,0
1920431,0.712188,-1.97276,1.52219,0,0,0
1920434,0.667336,-1.98041,1.52075,0,0,0
1920435,0.651969,-1.98247,1.52,0,0,0
1920436,0.637028,-1.98431,1.5198,0,0,0
1920439,0.592453,-1.98916,1.5186,0,0,0
1920440,0.578718,-1.98982,1.51951,0,0,0
1920441,0.563834,-1.99115,1.51928,0,0,0
1920444,0.519409,-1.99327,1.51847,0,0,0
1920445,0.504235,-1.99411,1.51799,0,0,0
1920446,0.489231,-1.99481,1.51745,0,0,0
1920449,0.444837,-1.99435,1.5169,0,0,0
1920450,0.429469,-1.99456,1.51602,0,0,0
1920451,0.415704,-1.99307,1.51666,0,0,0
1920454,0.370569,-1.99169,1.51554,0,0,0
1920455,0.355765,-1.99051,1.51536,0,0,0
1920456,0.342127,-1.98746,1.51584,0,0,0
1920459,0.296665,-1.98422,1.51441,0,0,0
1920460,0.281642,-1.98198,1.51364,0,0,0
1920461,0.267353,-1.97941,1.51371,0,0,0
1920464,0.223751,-1.97249,1.51344,0,0,0
1920465,0.209244,-1.96975,1.51319,0,0,0
1920466,0.194304,-1.96719,1.51262,0,0,0
1920469,0.15023,-1.95809,1.51137,0,0,0
1920470,0.136348,-1.95437,1.51154,0,0,0
1920471,0.121563,-1.9507,1.51097,0,0,0
1920474,0.0790424,-1.93887,1.51048,0,0,0
1920475,0.0645434,-1.93478,1.51028,0,0,0
1920476,0.0499924,-1.93068,1.50967,0,0,0
1920479,0.00775941,-1.9168,1.50891,0,0,0
1920480,-0.0068265,-1.91267,1.50811,0,0,0
1920481,-0.0195135,-1.90656,1.50902,0,0,0
1920484,-0.0622055,-1.89198,1.50725,0,0,0
1920485,-0.075147,-1.88586,1.50767,0,0,0
1920486,-0.0889432,-1.88016,1.50729,0,0,0
1920489,-0.129907,-1.86277,1.50652,0,0,0
1920490,-0.143979,-1.85717,1.50608,0,0,0
1920491,-0.156624,-1.85075,1.50587,0,0,0
1920494,-0.197838,-1.83193,1.50426,0,0,0
1920495,-0.21005,-1.82473,1.50446,0,0,0
1920496,-0.2233,-1.81843,1.50389,0,0,0
1920499,-0.261828,-1.79703,1.50288,0,0,0
1920500,-0.274168,-1.78893,1.50312,0,0,0
1920501,-0.287422,-1.78277,1.50212,0,0,0
1920504,-0.324088,-1.75825,1.50199,0,0,0
1920505,-0.336927,-1.75126,1.50064,0,0,0
1920506,-0.349804,-1.74395,1.49965,0,0,0
1920509,-0.385244,-1.71859,1.49897,0,0,0
1920510,-0.397858,-1.71021,1.49813,0,0,0
1920511,-0.40898,-1.70133,1.49815,0,0,0
1920514,-0.444353,-1.67394,1.49621,0,0,0
1920515,-0.455495,-1.66532,1.49627,0,0,0
1920516,-0.467142,-1.65557,1.49537,0,0,0
1920519,-0.501234,-1.62678,1.49425,0,0,0
1920520,-0.512315,-1.61723,1.49359,0,0,0
1920521,-0.522875,-1.60745,1.494,0,0,0
1920524,-0.554374,-1.57613,1.4931,0,0,0
1920525,-0.564747,-1.566,1.49317,0,0,0
1920529,-0.6066,-1.52449,1.49074,0,0,0
1920529,-0.6066,-1.52449,1.49074,0,0,0
1920530,-0.615744,-1.51277,1.49141,0,0,0
1920531,-0.625601,-1.50204,1.49064,0,0,0
1920534,-0.65459,-1.46853,1.49003,0,0,0
1920535,-0.663974,-1.4575,1.48985,0,0,0
1920536,-0.673368,-1.44614,1.48951,0,0,0
1920539,-0.701533,-1.41296,1.4874,0,0,0
1920540,-0.71045,-1.40136,1.48711,0,0,0
1920541,-0.718377,-1.38844,1.48798,0,0,0
1920544,-0.743813,-1.35271,1.4873,0,0,0
1920545,-0.752834,-1.34163,1.48597,0,0,0
1920546,-0.761272,-1.33,1.48579,0,0,0
1920549,-0.784779,-1.29281,1.48513,0,0,0
1920550,-0.792085,-1.28006,1.48499,0,0,0
1920551,-0.799794,-1.26754,1.48408,0,0,0
1920554,-0.82175,-1.22947,1.48408,0,0,0
1920555,-0.828703,-1.21644,1.48409,0,0,0
1920556,-0.835856,-1.20342,1.48365,0,0,0
1920559,-0.855318,-1.16433,1.48309,0,0,0
1920560,-0.860896,-1.15022,1.48386,0,0,0
1920561,-0.867877,-1.13779,1.48279,0,0,0
1920564,-0.885957,-1.09704,1.48245,0,0,0
1920565,-0.891364,-1.08324,1.48222,0,0,0
1920566,-0.897166,-1.07016,1.48183,0,0,0
1920569,-0.913059,-1.02895,1.4815,0,0,0
1920570,-0.916077,-1.01703,1.48223,0,0,0
1920571,-0.922531,-1.00057,1.48166,0,0,0
1920574,-0.93627,-0.959152,1.48092,0,0,0
1920575,-0.940502,-0.944934,1.48097,0,0,0
1920576,-0.944426,-0.930608,1.48082,0,0,0
1920579,-0.955952,-0.888102,1.48051,0,0,0
1920580,-0.959707,-0.873799,1.48043,0,0,0
1920581,-0.962893,-0.85982,1.47995,0,0,0
1920584,-0.972074,-0.816012,1.4796,0,0,0
1920585,-0.974656,-0.801541,1.4792,0,0,0
1920586,-0.977327,-0.787132,1.47933,0,0,0
1920589,-0.983807,-0.743445,1.47855,0,0,0
1920590,-0.985854,-0.728599,1.47837,0,0,0
1920591,-0.987462,-0.713753,1.47822,0,0,0
1920594,-0.992224,-0.670184,1.47735,0,0,0
1920595,-0.99209,-0.656449,1.47777,0,0,0
1920596,-0.993642,-0.641041,1.47785,0,0,0
1920599,-0.995518,-0.596927,1.47693,0,0,0
1920600,-0.996467,-0.581485,1.4767,0,0,0
1920601,-0.996428,-0.56702,1.47624,0,0,0
1920604,-0.997095,-0.520221,1.47558,0,0,0
1920605,-0.997001,-0.505391,1.4755,0,0,0
1920606,-0.996346,-0.491264,1.47546,0,0,0
1920609,-0.995447,-0.446248,1.47445,0,0,0
1920610,-0.994097,-0.432015,1.47474,0,0,0
1920611,-0.993292,-0.417188,1.47436,0,0,0
1920614,-0.990225,-0.373075,1.47367,0,0,0
1920615,-0.988526,-0.36092,1.4743,0,0,0
1920616,-0.987324,-0.346379,1.47402,0,0,0
1920619,-0.982567,-0.302485,1.47324,0,0,0
1920620,-0.980967,-0.287548,1.4731,0,0,0
1920621,-0.978735,-0.273677,1.47272,0,0,0
1920624,-0.972411,-0.230404,1.472,0,0,0
1920625,-0.969646,-0.216216,1.4716,0,0,0
1920626,-0.967338,-0.201983,1.47141,0,0,0
1920629,-0.959951,-0.159762,1.47076,0,0,0
1920630,-0.956753,-0.14617,1.47053,0,0,0
1920631,-0.954159,-0.132187,1.47026,0,0,0
1920634,-0.946994,-0.0906848,1.46995,0,0,0
1920635,-0.944441,-0.0771795,1.46998,0,0,0
1920636,-0.941864,-0.0633448,1.47002,0,0,0
1920639,-0.932232,-0.0213853,1.46889,0,0,0
1920640,-0.929239,-0.00772995,1.46893,0,0,0
1920641,-0.925725,0.00540616,1.46899,0,0,0
1920644,-0.914684,0.0450782,1.46919,0,0,0
1920645,-0.910538,0.0580742,1.46914,0,0,0
1920646,-0.906215,0.071214,1.46909,0,0,0
1920649,-0.892469,0.10998,1.46958,0,0,0
1920650,-0.88737,0.122935,1.46985,0,0,0
1920651,-0.882269,0.135528,1.47002,0,0,0
1920654,-0.865564,0.173634,1.47053,0,0,0
1920655,-0.859524,0.186345,1.47094,0,0,0
1920656,-0.853626,0.198815,1.47111,0,0,0
1920659,-0.833974,0.236047,1.47156,0,0,0
1920660,-0.827116,0.248258,1.47182,0,0,0
1920661,-0.820027,0.260472,1.47191,0,0,0
1920664,-0.798081,0.29682,1.47234,0,0,0
1920665,-0.790382,0.308949,1.4724,0,0,0
1920666,-0.782618,0.320811,1.47266,0,0,0
1920669,-0.758055,0.356248,1.47269,0,0,0
1920670,-0.749627,0.367983,1.47293,0,0,0
1920671,-0.740994,0.379441,1.47291,0,0,0
1920674,-0.714395,0.413546,1.473,0,0,0
1920675,-0.705149,0.424652,1.47305,0,0,0
1920676,-0.695929,0.43587,1.47323,0,0,0
1920679,-0.667336,0.468802,1.47312,0,0,0
1920680,-0.657451,0.479297,1.47368,0,0,0
1920681,-0.64747,0.489943,1.47387,0,0,0
1920684,-0.617121,0.521943,1.47365,0,0,0
1920685,-0.606719,0.532073,1.47372,0,0,0
1920686,-0.596355,0.542941,1.473,0,0,0
1920689,-0.564183,0.572977,1.47329,0,0,0
1920690,-0.553309,0.582828,1.47331,0,0,0
1920691,-0.542156,0.592502,1.47363,0,0,0
1920694,-0.508011,0.621276,1.47326,0,0,0
1920695,-0.496061,0.630034,1.47341,0,0,0
1920696,-0.484756,0.639718,1.47378,0,0,0
1920699,-0.449199,0.666371,1.47389,0,0,0
1920700,-0.437922,0.676309,1.47228,0,0,0
1920701,-0.424779,0.684291,1.47345,0,0,0
1920704,-0.388339,0.710102,1.47225,0,0,0
1920705,-0.375925,0.718063,1.47291,0,0,0
1920706,-0.362778,0.726187,1.47272,0,0,0
1920709,-0.322701,0.748868,1.47404,0,0,0
1920710,-0.309573,0.756299,1.47371,0,0,0
1920711,-0.296443,0.764199,1.47398,0,0,0
1920714,-0.256189,0.785845,1.47327,0,0,0
1920715,-0.242267,0.792387,1.47319,0,0,0
1920716,-0.228906,0.799583,1.47347,0,0,0
1920719,-0.187534,0.820325,1.47291,0,0,0
1920720,-0.174017,0.826703,1.4727,0,0,0
1920721,-0.15883,0.831683,1.47405,0,0,0
1920724,-0.11593,0.850037,1.47419,0,0,0
1920725,-0.10154,0.855467,1.47444,0,0,0
1920726,-0.0871409,0.861312,1.4745,0,0,0
1920729,-0.0433884,0.877239,1.47524,0,0,0
1920730,-0.0286822,0.882209,1.47528,0,0,0
1920731,-0.0151033,0.888152,1.47394,0,0,0
1920734,0.0294815,0.901939,1.47442,0,0,0
1920735,0.044547,0.906548,1.47433,0,0,0
1920736,0.0598616,0.910923,1.4745,0,0,0
1920739,0.10493,0.922117,1.47591,0,0,0
1920740,0.120347,0.925897,1.47591,0,0,0
1920741,0.136666,0.928771,1.47702,0,0,0
1920744,0.183063,0.938123,1.47783,0,0,0
1920745,0.198229,0.941407,1.47827,0,0,0
1920746,0.213002,0.944977,1.47854,0,0,0
1920749,0.259665,0.952317,1.47953,0,0,0
1920750,0.275443,0.954538,1.47992,0,0,0
1920751,0.290292,0.957245,1.4792,0,0,0
1920754,0.337038,0.962092,1.48077,0,0,0
1920755,0.353005,0.963787,1.48105,0,0,0
1920756,0.368559,0.964933,1.48143,0,0,0
1920759,0.415607,0.967711,1.48258,0,0,0
1920760,0.432103,0.967781,1.48334,0,0,0
1920761,0.44809,0.968281,1.48317,0,0,0
1920764,0.49548,0.968987,1.4842,0,0,0
1920765,0.511171,0.969343,1.48484,0,0,0
1920766,0.526969,0.969042,1.48524,0,0,0
1920769,0.574151,0.967517,1.48633,0,0,0
1920770,0.590132,0.966716,1.4866,0,0,0
1920771,0.60571,0.965557,1.48656,0,0,0
1920774,0.652989,0.961359,1.4873,0,0,0
1920775,0.668582,0.959814,1.48779,0,0,0
1920776,0.68459,0.958118,1.48809,0,0,0
1920779,0.731306,0.951923,1.48875,0,0,0
1920780,0.747211,0.949718,1.48904,0,0,0
1920781,0.762385,0.948353,1.4896,0,0,0
1920784,0.808514,0.940658,1.49098,0,0,0
1920785,0.823306,0.938383,1.49099,0,0,0
1920786,0.8384,0.9354,1.49126,0,0,0
1920789,0.883852,0.925618,1.49155,0,0,0
1920790,0.898553,0.922473,1.49182,0,0,0
1920791,0.913774,0.918985,1.49214,0,0,0
1920794,0.95818,0.907384,1.49261,0,0,0
1920795,0.973015,0.903072,1.49291,0,0,0
1920796,0.98794,0.898811,1.49312,0,0,0
1920799,1.03244,0.884382,1.49409,0,0,0
1920800,1.0466,0.87968,1.49396,0,0,0
1920801,1.06128,0.875104,1.49389,0,0,0
1920804,1.10421,0.858566,1.49518,0,0,0
1920805,1.11853,0.852911,1.4955,0,0,0
1920806,1.13262,0.847103,1.4957,0,0,0
1920809,1.17433,0.828629,1.49643,0,0,0
1920810,1.18853,0.822457,1.4969,0,0,0
1920811,1.20221,0.81584,1.49711,0,0,0
1920814,1.24397,0.794598,1.49879,0,0,0
1920815,1.25788,0.786914,1.49921,0,0,0
1920816,1.27081,0.780198,1.49938,0,0,0
1920819,1.30922,0.758341,1.4994,0,0,0
1920820,1.32265,0.75025,1.50013,0,0,0
1920821,1.33496,0.742579,1.49992,0,0,0
1920824,1.37352,0.718744,1.50073,0,0,0
1920825,1.38597,0.71013,1.50094,0,0,0
1920826,1.39856,0.70132,1.50116,0,0,0
1920829,1.43474,0.674762,1.50273,0,0,0
1920830,1.44708,0.665631,1.50299,0,0,0
1920831,1.45863,0.656551,1.50346,0,0,0
1920834,1.49447,0.628811,1.5039,0,0,0
1920835,1.50629,0.618708,1.50446,0,0,0
1920836,1.51723,0.609186,1.50441,0,0,0
1920839,1.55082,0.578965,1.5052,0,0,0
1920840,1.56181,0.568557,1.50528,0,0,0
1920841,1.57278,0.558199,1.5056,0,0,0
1920844,1.6046,0.526088,1.50623,0,0,0
1920845,1.61507,0.5155,1.50647,0,0,0
1920846,1.62535,0.504434,1.50669,0,0,0
1920849,1.65577,0.471064,1.50726,0,0,0
1920850,1.66561,0.460132,1.50756,0,0,0
1920851,1.67504,0.448973,1.50797,0,0,0
1920854,1.70372,0.414027,1.5087,0,0,0
1920855,1.71342,0.402253,1.50893,0,0,0
1920856,1.72229,0.390509,1.50927,0,0,0
1920859,1.74777,0.354507,1.51049,0,0,0
1920860,1.75644,0.342299,1.51075,0,0,0
1920861,1.76576,0.33019,1.50994,0,0,0
1920864,1.79045,0.291957,1.51217,0,0,0
1920865,1.79826,0.279368,1.51223,0,0,0
1920866,1.80653,0.267437,1.51089,0,0,0
1920869,1.82885,0.228595,1.51155,0,0,0
1920870,1.83579,0.215789,1.51129,0,0,0
1920871,1.84269,0.202657,1.51148,0,0,0
1920874,1.86307,0.162851,1.51174,0,0,0
1920875,1.86965,0.149382,1.51201,0,0,0
1920876,1.87619,0.135583,1.51205,0,0,0
1920879,1.89433,0.0943816,1.51248,0,0,0
1920880,1.89941,0.0810547,1.51248,0,0,0
1920881,1.90507,0.0672326,1.51239,0,0,0
1920884,1.92131,0.0248441,1.51286,0,0,0
1920885,1.92584,0.0111454,1.51262,0,0,0
1920886,1.93065,-0.00306597,1.51274,0,0,0
1920889,1.94438,-0.0457493,1.51292,0,0,0
1920890,1.94827,-0.0601095,1.51297,0,0,0
1920891,1.96471,-0.117934,1.51395,0,0,0
1920894,1.96471,-0.117934,1.51395,0,0,0
1920895,1.96814,-0.132238,1.51381,0,0,0
1920896,1.97203,-0.14685,1.51422,0,0,0
1920899,1.9815,-0.190029,1.51442,0,0,0
1920900,1.9845,-0.204427,1.51465,0,0,0
1920901,1.98739,-0.219067,1.51487,0,0,0
1920904,1.99515,-0.262795,1.51552,0,0,0
1920905,1.99752,-0.277413,1.51575,0,0,0
1920906,1.99982,-0.291886,1.5159,0,0,0
1920909,2.00546,-0.335898,1.51647,0,0,0
1920910,2.00712,-0.350533,1.51654,0,0,0
1920911,2.00853,-0.365391,1.51681,0,0,0
1920914,2.01176,-0.40975,1.5172,0,0,0
1920915,2.0126,-0.424608,1.51736,0,0,0
1920916,2.01343,-0.439368,1.51767,0,0,0
1920919,2.01449,-0.483534,1.5181,0,0,0
1920920,2.01457,-0.498334,1.51838,0,0,0
1920921,2.01461,-0.513399,1.5188,0,0,0
1920924,2.01281,-0.557694,1.51915,0,0,0
1920925,2.01257,-0.572171,1.51911,0,0,0
1920926,2.01158,-0.587207,1.51946,0,0,0
1920929,2.00813,-0.631338,1.52005,0,0,0
1920930,2.00652,-0.64575,1.51987,0,0,0
1920931,2.00489,-0.660614,1.52045,0,0,0
1920934,1.9993,-0.704498,1.52106,0,0,0
1920935,1.99751,-0.718813,1.5211,0,0,0
1920936,1.99487,-0.733444,1.52148,0,0,0
1920939,1.98702,-0.777073,1.52213,0,0,0
1920940,1.98425,-0.791233,1.5223,0,0,0
1920941,1.98091,-0.805559,1.52251,0,0,0
1920944,1.97151,-0.848927,1.52339,0,0,0
1920945,1.96775,-0.862558,1.52315,0,0,0
1920946,1.96413,-0.877207,1.52364,0,0,0
1920949,1.95206,-0.919406,1.52406,0,0,0
1920950,1.94737,-0.93348,1.52367,0,0,0
1920951,1.94306,-0.947495,1.52398,0,0,0
1920954,1.92969,-0.989213,1.52456,0,0,0
1920955,1.92467,-1.00315,1.52453,0,0,0
1920956,1.92035,-1.01674,1.52485,0,0,0
1920959,1.90518,-1.05749,1.52506,0,0,0
1920960,1.89999,-1.07113,1.52525,0,0,0
1920961,1.89473,-1.0846,1.52535,0,0,0
1920964,1.87874,-1.1244,1.52581,0,0,0
1920965,1.87353,-1.13722,1.52616,0,0,0
1920966,1.86808,-1.15031,1.52642,0,0,0
1920969,1.85136,-1.18887,1.52676,0,0,0
1920970,1.84585,-1.20189,1.5272,0,0,0
1920971,1.84028,-1.21425,1.52712,0,0,0
1920974,1.82294,-1.25201,1.528,0,0,0
1920975,1.817,-1.26415,1.52795,0,0,0
1920976,1.8107,-1.27676,1.52806,0,0,0
1920979,1.79175,-1.31295,1.52857,0,0,0
1920980,1.7851,-1.32482,1.52873,0,0,0
1920981,1.77799,-1.33731,1.52852,0,0,0
1920984,1.75671,-1.3726,1.52894,0,0,0
1920985,1.74952,-1.38402,1.52909,0,0,0
1920986,1.74214,-1.39585,1.52888,0,0,0
1920989,1.71947,-1.42997,1.52967,0,0,0
1920990,1.71072,-1.44121,1.52919,0,0,0
1920991,1.7024,-1.45215,1.52917,0,0,0
1920994,1.67719,-1.48511,1.52921,0,0,0
1920995,1.66822,-1.49595,1.52942,0,0,0
1920996,1.65921,-1.50686,1.52915,0,0,0
1920999,1.63222,-1.53828,1.53011,0,0,0
1921000,1.62296,-1.54899,1.52994,0,0,0
1921001,1.61211,-1.5594,1.52912,0,0,0
1921004,1.58316,-1.58916,1.5292,0,0,0
1921005,1.5734,-1.59883,1.53021,0,0,0
1921006,1.56203,-1.60931,1.52887,0,0,0
1921009,1.53027,-1.63798,1.52827,0,0,0
1921010,1.5187,-1.64709,1.5283,0,0,0
1921011,1.50783,-1.65615,1.52809,0,0,0
1921014,1.4748,-1.68243,1.52864,0,0,0
1921015,1.46385,-1.69059,1.52872,0,0,0
1921016,1.45153,-1.69999,1.52793,0,0,0
1921019,1.41608,-1.72425,1.52757,0,0,0
1921020,1.40385,-1.73356,1.52784,0,0,0
1921021,1.39143,-1.74141,1.52762,0,0,0
1921024,1.35348,-1.76501,1.52654,0,0,0
1921025,1.3405,-1.7726,1.52616,0,0,0
1921026,1.32838,-1.77942,1.52685,0,0,0
1921029,1.28875,-1.80097,1.52526,0,0,0
1921030,1.27613,-1.8068,1.52571,0,0,0
1921031,1.26298,-1.81374,1.52555,0,0,0
1921034,1.22231,-1.83392,1.52501,0,0,0
1921035,1.20929,-1.8401,1.5248,0,0,0
1921036,1.19523,-1.84612,1.52471,0,0,0
1921039,1.15365,-1.86318,1.52461,0,0,0
1921040,1.14003,-1.86901,1.5243,0,0,0
1921041,1.12685,-1.87368,1.52498,0,0,0
1921044,1.08396,-1.8889,1.52461,0,0,0
1921045,1.06951,-1.89378,1.52496,0,0,0
1921046,1.05527,-1.89805,1.52439,0,0,0
1921049,1.01169,-1.91126,1.52414,0,0,0
1921050,0.996856,-1.91544,1.52403,0,0,0
1921051,0.981188,-1.92,1.52291,0,0,0
1921054,0.936613,-1.93096,1.52266,0,0,0
1921055,0.921722,-1.93425,1.52276,0,0,0
1921056,0.907125,-1.93702,1.52263,0,0,0
1921059,0.862717,-1.94528,1.52317,0,0,0
1921060,0.847516,-1.94782,1.52301,0,0,0
1921061,0.832191,-1.95051,1.52289,0,0,0
1921064,0.785576,-1.95727,1.52143,0,0,0
1921065,0.770012,-1.95937,1.52117,0,0,0
1921066,0.754787,-1.96088,1.52122,0,0,0
1921069,0.709896,-1.96461,1.52168,0,0,0
1921070,0.694291,-1.96559,1.52142,0,0,0
1921071,0.67872,-1.96664,1.52126,0,0,0
1921074,0.631903,-1.96898,1.52028,0,0,0
1921075,0.616715,-1.96889,1.52025,0,0,0
1921076,0.600944,-1.96937,1.51972,0,0,0
1921079,0.553158,-1.97033,1.51827,0,0,0
1921080,0.538277,-1.96975,1.5184,0,0,0
1921081,0.522686,-1.96918,1.51829,0,0,0
1921084,0.475896,-1.96674,1.51699,0,0,0
1921085,0.46055,-1.96568,1.51721,0,0,0
1921086,0.44496,-1.9645,1.51651,0,0,0
1921089,0.398258,-1.95991,1.5154,0,0,0
1921090,0.382607,-1.95815,1.51502,0,0,0
1921091,0.367737,-1.95618,1.5151,0,0,0
1921094,0.321119,-1.9495,1.51378,0,0,0
1921095,0.305911,-1.94699,1.51314,0,0,0
1921096,0.291214,-1.9436,1.51318,0,0,0
1921099,0.245099,-1.93493,1.51184,0,0,0
1921100,0.229208,-1.93283,1.51094,0,0,0
1921101,0.213644,-1.92946,1.51021,0,0,0
1921104,0.168982,-1.91778,1.50959,0,0,0
1921105,0.153887,-1.91393,1.50911,0,0,0
1921106,0.137586,-1.91067,1.50748,0,0,0
1921109,0.0939105,-1.89718,1.50729,0,0,0
1921110,0.0790647,-1.89238,1.50671,0,0,0
1921111,0.0641663,-1.88783,1.50588,0,0,0
1921114,0.019458,-1.87368,1.50388,0,0,0
1921115,0.00516938,-1.8682,1.50373,0,0,0
1921116,-0.00932793,-1.86295,1.50345,0,0,0
1921119,-0.0520652,-1.84602,1.50157,0,0,0
1921120,-0.0667438,-1.84065,1.50091,0,0,0
1921121,-0.080907,-1.83466,1.50061,0,0,0
1921124,-0.123229,-1.8167,1.49914,0,0,0
1921125,-0.137217,-1.81102,1.49848,0,0,0
1921126,-0.151347,-1.80472,1.49779,0,0,0
1921129,-0.193315,-1.78657,1.49575,0,0,0
1921130,-0.20686,-1.7794,1.49578,0,0,0
1921131,-0.220626,-1.77356,1.49469,0,0,0
1921134,-0.261876,-1.75354,1.49351,0,0,0
1921135,-0.274958,-1.74671,1.49306,0,0,0
1921136,-0.288434,-1.74033,1.49257,0,0,0
1921139,-0.326483,-1.7191,1.49193,0,0,0
1921140,-0.339862,-1.71346,1.49117,0,0,0
1921141,-0.351718,-1.70537,1.49122,0,0,0
1921144,-0.389814,-1.68475,1.49115,0,0,0
1921145,-0.402214,-1.67777,1.49118,0,0,0
1921146,-0.415476,-1.67119,1.4899,0,0,0
1921149,-0.452181,-1.64906,1.48837,0,0,0
1921150,-0.46435,-1.64137,1.48848,0,0,0
1921151,-0.476007,-1.63349,1.48853,0,0,0
1921154,-0.509762,-1.60844,1.48903,0,0,0
1921155,-0.521539,-1.60056,1.48894,0,0,0
1921156,-0.532852,-1.59202,1.48878,0,0,0
1921159,-0.567189,-1.56715,1.48725,0,0,0
1921160,-0.577508,-1.55778,1.48748,0,0,0
1921161,-0.588612,-1.54924,1.48692,0,0,0
1921164,-0.620351,-1.52017,1.48704,0,0,0
1921165,-0.630832,-1.51109,1.48655,0,0,0
1921166,-0.641234,-1.50127,1.48645,0,0,0
1921169,-0.66996,-1.46988,1.48655,0,0,0
1921170,-0.680441,-1.45998,1.48575,0,0,0
1921171,-0.689184,-1.44857,1.48643,0,0,0
1921174,-0.717316,-1.41641,1.4864,0,0,0
1921175,-0.72708,-1.40616,1.48549,0,0,0
1921176,-0.735871,-1.39447,1.48544,0,0,0
1921179,-0.762202,-1.3609,1.48452,0,0,0
1921180,-0.770335,-1.34865,1.48448,0,0,0
1921181,-0.77775,-1.33577,1.48607,0,0,0
1921184,-0.801371,-1.30059,1.4838,0,0,0
1921185,-0.808597,-1.28822,1.48359,0,0,0
1921186,-0.815741,-1.27509,1.48379,0,0,0
1921189,-0.836427,-1.23649,1.483,0,0,0
1921190,-0.841922,-1.22696,1.48494,0,0,0
1921191,-0.8502,-1.21115,1.48183,0,0,0
1921194,-0.868458,-1.17558,1.48354,0,0,0
1921195,-0.87515,-1.16194,1.48331,0,0,0
1921196,-0.882554,-1.14854,1.48293,0,0,0
1921199,-0.902547,-1.11066,1.48056,0,0,0
1921200,-0.909811,-1.09801,1.47982,0,0,0
1921201,-0.91706,-1.08511,1.4793,0,0,0
1921204,-0.937842,-1.04793,1.47577,0,0,0
1921205,-0.945336,-1.03552,1.47481,0,0,0
1921206,-0.952039,-1.02314,1.47359,0,0,0
1921209,-0.973436,-0.987103,1.46891,0,0,0
1921210,-0.979994,-0.975658,1.467,0,0,0
1921211,-0.98761,-0.963185,1.46554,0,0,0
1921214,-1.008,-0.928964,1.45968,0,0,0
1921215,-1.0146,-0.917885,1.45755,0,0,0
1921216,-1.02139,-0.906759,1.45528,0,0,0
1921219,-1.04131,-0.87359,1.44838,0,0,0
1921220,-1.04736,-0.863128,1.44602,0,0,0
1921221,-1.05387,-0.85254,1.44354,0,0,0
1921224,-1.07245,-0.820478,1.43583,0,0,0
1921225,-1.07803,-0.811458,1.4331,0,0,0
1921226,-1.08339,-0.802238,1.42992,0,0,0
1921229,-1.09972,-0.77426,1.42096,0,0,0
1921230,-1.10497,-0.764712,1.41788,0,0,0
1921231,-1.10996,-0.755945,1.41463,0,0,0
1921234,-1.1246,-0.730128,1.40458,0,0,0
1921235,-1.12912,-0.721964,1.40098,0,0,0
1921236,-1.13401,-0.713358,1.39774,0,0,0
1921239,-1.14632,-0.689059,1.3848,0,0,0
1921240,-1.15035,-0.6836,1.38261,0,0,0
1921241,-1.15383,-0.676475,1.37854,0,0,0
1921244,-1.16528,-0.65581,1.36677,0,0,0
1921245,-1.1688,-0.649868,1.36263,0,0,0
1921246,-1.17175,-0.640688,1.35746,0,0,0
1921249,-1.1807,-0.623802,1.34407,0,0,0
1921250,-1.18362,-0.618893,1.33983,0,0,0
1921251,-1.18866,-0.613691,1.33298,0,0,0
1921254,-1.19595,-0.600261,1.31849,0,0,0
1921255,-1.19789,-0.596602,1.31348,0,0,0
1921256,-1.20018,-0.59298,1.30844,0,0,0
1921259,-1.20549,-0.584058,1.29236,0,0,0
1921260,-1.207,-0.580647,1.28668,0,0,0
1921261,-1.20867,-0.578898,1.28067,0,0,0
1921264,-1.2101,-0.572528,1.26489,0,0,0
1921265,-1.21178,-0.571158,1.25799,0,0,0
1921266,-1.21199,-0.570239,1.25246,0,0,0
1921269,-1.2134,-0.565626,1.23358,0,0,0
1921270,-1.21377,-0.565,1.22705,0,0,0
1921271,-1.21386,-0.564726,1.22039,0,0,0
1921274,-1.2134,-0.566667,1.20052,0,0,0
1921275,-1.21321,-0.566439,1.19377,0,0,0
1921276,-1.21288,-0.566413,1.18667,0,0,0
1921279,-1.21115,-0.567841,1.16507,0,0,0
1921280,-1.21028,-0.56847,1.15777,0,0,0
1921281,-1.20931,-0.569303,1.15046,0,0,0
1921284,-1.20586,-0.573141,1.1282,0,0,0
1921285,-1.20519,-0.570881,1.12015,0,0,0
1921286,-1.20348,-0.576062,1.11322,0,0,0
1921289,-1.19863,-0.581681,1.09032,0,0,0
1921290,-1.19691,-0.5837,1.08268,0,0,0
1921291,-1.19527,-0.585512,1.07545,0,0,0
1921294,-1.18874,-0.593339,1.05237,0,0,0
1921295,-1.18688,-0.595415,1.0448,0,0,0
1921296,-1.18463,-0.598663,1.03725,0,0,0
1921299,-1.17793,-0.607154,1.01492,0,0,0
1921300,-1.17506,-0.611291,1.0073,0,0,0
1921301,-1.17264,-0.614322,1.00015,0,0,0
1921304,-1.16483,-0.624975,0.978251,0,0,0
1921305,-1.16207,-0.628262,0.971154,0,0,0
1921306,-1.15938,-0.632066,0.964044,0,0,0
1921309,-1.15187,-0.641622,0.943466,0,0,0
1921310,-1.14842,-0.647687,0.936194,0,0,0
1921311,-1.14599,-0.651266,0.929451,0,0,0
1921314,-1.13716,-0.663755,0.909328,0,0,0
1921315,-1.13434,-0.668129,0.902667,0,0,0
1921316,-1.13166,-0.671875,0.896349,0,0,0
1921319,-1.12295,-0.685602,0.876271,0,0,0
1921320,-1.12028,-0.689613,0.869749,0,0,0
1921321,-1.11746,-0.694416,0.863415,0,0,0
1921324,-1.10906,-0.707691,0.844632,0,0,0
1921325,-1.10656,-0.712321,0.838151,0,0,0
1921326,-1.10368,-0.715665,0.832658,0,0,0
1921329,-1.0962,-0.729997,0.813756,0,0,0
1921330,-1.09389,-0.734729,0.8071,0,0,0
1921331,-1.09146,-0.73906,0.80106,0,0,0
1921334,-1.08431,-0.751971,0.783133,0,0,0
1921335,-1.08239,-0.756238,0.776758,0,0,0
1921336,-1.08017,-0.760553,0.77074,0,0,0
1921339,-1.07403,-0.772215,0.752939,0,0,0
1921340,-1.07203,-0.776813,0.746881,0,0,0
1921341,-1.07029,-0.780524,0.740881,0,0,0
1921344,-1.06426,-0.791894,0.723014,0,0,0
1921345,-1.06334,-0.796159,0.71733,0,0,0
1921346,-1.06163,-0.799327,0.711733,0,0,0
1921349,-1.0578,-0.810437,0.693997,0,0,0
1921350,-1.05566,-0.814452,0.688089,0,0,0
1921351,-1.05462,-0.817882,0.682086,0,0,0
1921354,-1.05094,-0.828788,0.664722,0,0,0
1921355,-1.04972,-0.832481,0.658727,0,0,0
1921356,-1.0486,-0.836725,0.653015,0,0,0
1921359,-1.04524,-0.846317,0.636422,0,0,0
1921360,-1.04402,-0.850159,0.630077,0,0,0
1921361,-1.04325,-0.853255,0.62478,0,0,0
1921364,-1.0401,-0.864611,0.607396,0,0,0
1921365,-1.03932,-0.867737,0.601841,0,0,0
1921366,-1.03795,-0.871994,0.595439,0,0,0
1921369,-1.03601,-0.882458,0.578141,0,0,0
1921370,-1.0351,-0.886197,0.571893,0,0,0
1921371,-1.03409,-0.890358,0.565729,0,0,0
1921374,-1.03124,-0.901837,0.547878,0,0,0
1921375,-1.03021,-0.90404,0.542373,0,0,0
1921376,-1.02948,-0.908635,0.536188,0,0,0
1921379,-1.02678,-0.919264,0.517851,0,0,0
1921380,-1.02588,-0.923152,0.511726,0,0,0
1921381,-1.02485,-0.926655,0.505548,0,0,0
1921384,-1.02216,-0.937395,0.487503,0,0,0
1921385,-1.02148,-0.940941,0.481141,0,0,0
1921386,-1.02053,-0.943967,0.474638,0,0,0
1921389,-1.01771,-0.956368,0.456627,0,0,0
1921390,-1.01695,-0.959199,0.450671,0,0,0
1921391,-1.01595,-0.962507,0.444469,0,0,0
1921394,-1.01275,-0.973283,0.426743,0,0,0
1921395,-1.01197,-0.977112,0.420996,0,0,0
1921396,-1.0113,-0.980651,0.414756,0,0,0
1921399,-1.00825,-0.991482,0.397566,0,0,0
1921400,-1.00738,-0.994807,0.391821,0,0,0
1921401,-1.00676,-0.99692,0.386108,0,0,0
1921404,-1.00368,-1.00805,0.369252,0,0,0
1921405,-1.00273,-1.00939,0.364114,0,0,0
1921406,-1.00147,-1.01449,0.357874,0,0,0
1921409,-0.998769,-1.02424,0.340922,0,0,0
1921410,-0.998403,-1.02759,0.335461,0,0,0
1921411,-0.9973,-1.03092,0.329205,0,0,0
1921414,-0.994655,-1.03959,0.31325,0,0,0
1921415,-0.994046,-1.0429,0.306812,0,0,0
1921416,-0.992882,-1.04636,0.30083,0,0,0
1921419,-0.990721,-1.05527,0.284521,0,0,0
1921420,-0.989708,-1.05788,0.279257,0,0,0
1921421,-0.988999,-1.06024,0.274273,0,0,0
1921424,-0.9859,-1.06971,0.257909,0,0,0
1921425,-0.984979,-1.07298,0.252871,0,0,0
1921426,-0.984831,-1.07456,0.247391,0,0,0
1921429,-0.981901,-1.08302,0.23218,0,0,0
1921430,-0.9809,-1.08397,0.227733,0,0,0
1921431,-0.980897,-1.08788,0.222067,0,0,0
1921434,-0.97731,-1.09609,0.207772,0,0,0
1921435,-0.977008,-1.09652,0.203657,0,0,0
1921436,-0.976209,-1.10098,0.198638,0,0,0
1921439,-0.973459,-1.10806,0.184638,0,0,0
1921440,-0.972793,-1.10859,0.180575,0,0,0
1921441,-0.971495,-1.11285,0.175514,0,0,0
1921444,-0.96926,-1.11873,0.162742,0,0,0
1921445,-0.968351,-1.12116,0.158784,0,0,0
1921446,-0.967376,-1.12294,0.15407,0,0,0
1921449,-0.965764,-1.12855,0.14542,0,0,0
1921450,-0.96871,-1.12555,0.140614,0,0,0
1921451,-0.968431,-1.12625,0.141985,0,0,0
1921454,-0.966133,-1.12598,0.148815,0,0,0
1921455,-0.965666,-1.126,0.151445,0,0,0
1921456,-0.964825,-1.12504,0.153382,0,0,0
1921459,-0.960739,-1.12623,0.159297,0,0,0
1921460,-0.960185,-1.12546,0.160252,0,0,0
1921461,-0.959564,-1.12513,0.160553,0,0,0
1921464,-0.95724,-1.12469,0.15919,0,0,0
1921465,-0.957045,-1.12587,0.160702,0,0,0
1921466,-0.95627,-1.12446,0.160098,0,0,0
1921469,-0.954057,-1.12489,0.153591,0,0,0
1921470,-0.953862,-1.12449,0.151727,0,0,0
1921471,-0.954423,-1.12598,0.148385,0,0,0
1921474,-0.95454,-1.12302,0.142688,0,0,0
1921475,-0.954352,-1.12258,0.143935,0,0,0
1921476,-0.953626,-1.12293,0.145696,0,0,0
1921479,-0.952412,-1.12493,0.151719,0,0,0
1921480,-0.952836,-1.1252,0.152392,0,0,0
1921481,-0.952822,-1.12467,0.152334,0,0,0
1921484,-0.953574,-1.12424,0.150877,0,0,0
1921485,-0.953215,-1.12436,0.149855,0,0,0
1921486,-0.954418,-1.12382,0.148187,0,0,0
1921489,-0.953217,-1.1254,0.147586,0,0,0
1921490,-0.953141,-1.12585,0.147713,0,0,0
1921491,-0.953534,-1.12326,0.148856,0,0,0
1921494,-0.952935,-1.12394,0.149674,0,0,0
1921495,-0.952411,-1.12535,0.149593,0,0,0
1921496,-0.952912,-1.12497,0.149793,0,0,0
1921499,-0.952723,-1.12414,0.149175,0,0,0
1921500,-0.953064,-1.12392,0.14913,0,0,0
1921501,-0.953426,-1.12509,0.148086,0,0,0
1921504,-0.953096,-1.12451,0.148888,0,0,0
1921505,-0.952851,-1.12391,0.149496,0,0,0
1921506,-0.952888,-1.12396,0.149519,0,0,0
1921509,-0.953334,-1.12366,0.149125,0,0,0
1921510,-0.953332,-1.12249,0.147839,0,0,0
1921511,-0.953066,-1.1241,0.149004,0,0,0
1921514,-0.953134,-1.12528,0.147806,0,0,0
1921515,-0.95284,-1.12495,0.147827,0,0,0
1921516,-0.952896,-1.12486,0.14792,0,0,0
1921519,-0.954145,-1.12397,0.147032,0,0,0
1921520,-0.95265,-1.12501,0.147517,0,0,0
1921521,-0.952733,-1.12558,0.147416,0,0,0
1921524,-0.953012,-1.12502,0.147443,0,0,0
1921525,-0.95318,-1.12503,0.147471,0,0,0
1921526,-0.953485,-1.12521,0.147266,0,0,0
1921529,-0.953262,-1.12495,0.147534,0,0,0
1921530,-0.953266,-1.12493,0.147533,0,0,0
1921531,-0.952864,-1.12527,0.146931,0,0,0
1921534,-0.952791,-1.12506,0.147275,0,0,0
1921535,-0.952683,-1.125,0.147363,0,0,0
1921536,-0.952708,-1.12563,0.14733,0,0,0
1921539,-0.952932,-1.12513,0.147012,0,0,0
1921540,-0.953137,-1.12505,0.146861,0,0,0
1921541,-0.953561,-1.12409,0.146871,0,0,0
1921544,-0.953945,-1.12386,0.146738,0,0,0
1921545,-0.953911,-1.12377,0.146764,0,0,0
1921546,-0.953932,-1.12369,0.146768,0,0,0
1921549,-0.953446,-1.123,0.146525,0,0,0
1921550,-0.953292,-1.12529,0.146601,0,0,0
1921551,-0.953625,-1.1245,0.146478,0,0,0
1921554,-0.952992,-1.12516,0.147221,0,0,0
1921555,-0.952804,-1.12522,0.147224,0,0,0
1921556,-0.953149,-1.12494,0.147202,0,0,0
1921559,-0.953009,-1.12519,0.146892,0,0,0
1921560,-0.952816,-1.12498,0.147085,0,0,0
1921561,-0.953163,-1.12471,0.147068,0,0,0
1921564,-0.952856,-1.12506,0.147099,0,0,0
1921565,-0.952836,-1.12504,0.147135,0,0,0
1921566,-0.952633,-1.1253,0.147006,0,0,0
1921569,-0.952736,-1.12487,0.146974,0,0,0
1921570,-0.951969,-1.12526,0.146705,0,0,0
1921571,-0.952846,-1.12501,0.146923,0,0,0
1921574,-0.952821,-1.12477,0.147182,0,0,0
1921575,-0.952868,-1.12469,0.147143,0,0,0
1921576,-0.952838,-1.12481,0.147184,0,0,0
1921579,-0.952823,-1.12476,0.147194,0,0,0
1921580,-0.952595,-1.12547,0.146936,0,0,0
1921581,-0.952916,-1.12508,0.14696,0,0,0
1921584,-0.952977,-1.12518,0.146454,0,0,0
1921585,-0.95254,-1.12506,0.146608,0,0,0
1921586,-0.952467,-1.12401,0.146959,0,0,0
1921589,-0.952069,-1.12545,0.146153,0,0,0
1921590,-0.952678,-1.12506,0.146427,0,0,0
1921591,-0.953237,-1.12432,0.146343,0,0,0
1921594,-0.952342,-1.12398,0.1469,0,0,0
1921595,-0.953231,-1.12311,0.146807,0,0,0
1921596,-0.952608,-1.12379,0.146963,0,0,0
1921599,-0.95263,-1.12308,0.147444,0,0,0
1921600,-0.953112,-1.12299,0.146896,0,0,0
1921601,-0.95276,-1.12365,0.147142,0,0,0
1921604,-0.952857,-1.12419,0.146976,0,0,0
1921605,-0.953463,-1.12228,0.145748,0,0,0
1921606,-0.953449,-1.12412,0.146284,0,0,0
1921609,-0.953303,-1.12439,0.146303,0,0,0
1921610,-0.953205,-1.12422,0.1462,0,0,0
1921611,-0.952815,-1.12405,0.146415,0,0,0
1921614,-0.95264,-1.12344,0.147065,0,0,0
1921615,-0.952605,-1.1242,0.146899,0,0,0
1921616,-0.95267,-1.12355,0.146992,0,0,0
1921619,-0.952561,-1.1235,0.14684,0,0,0
1921620,-0.952715,-1.12366,0.146972,0,0,0
1921621,-0.952755,-1.12373,0.146796,0,0,0
1921624,-0.952146,-1.1253,0.145997,0,0,0
1921625,-0.952849,-1.12452,0.14645,0,0,0
1921626,-0.954139,-1.12489,0.14557,0,0,0
1921629,-0.952861,-1.12503,0.145675,0,0,0
1921630,-0.95291,-1.12398,0.14648,0,0,0
1921631,-0.953106,-1.12496,0.146315,0,0,0
1921634,-0.952877,-1.1243,0.146582,0,0,0
1921635,-0.95295,-1.12487,0.146066,0,0,0
1921636,-0.952922,-1.12408,0.146426,0,0,0
1921639,-0.953308,-1.12514,0.146066,0,0,0
1921640,-0.952735,-1.12487,0.146431,0,0,0
1921641,-0.952629,-1.12489,0.145938,0,0,0
1921644,-0.952963,-1.12413,0.146405,0,0,0
1921645,-0.953202,-1.12489,0.145619,0,0,0
1921646,-0.952409,-1.12437,0.146099,0,0,0
1921649,-0.952454,-1.12435,0.146329,0,0,0
1921650,-0.953763,-1.12364,0.145537,0,0,0
1921651,-0.952993,-1.12485,0.146248,0,0,0
1921654,-0.952681,-1.12519,0.145717,0,0,0
1921655,-0.952746,-1.12511,0.145905,0,0,0
1921656,-0.953204,-1.12388,0.146002,0,0,0
1921659,-0.953021,-1.12426,0.14636,0,0,0
1921660,-0.95239,-1.1245,0.146165,0,0,0
1921661,-0.95271,-1.12363,0.14681,0,0,0
1921664,-0.953433,-1.12345,0.146325,0,0,0
1921665,-0.953082,-1.12383,0.146463,0,0,0
1921666,-0.954127,-1.1231,0.146377,0,0,0
1921669,-0.952716,-1.12368,0.14687,0,0,0
1921670,-0.952718,-1.12365,0.1468,0,0,0
1921671,-0.952959,-1.12347,0.146808,0,0,0
1921674,-0.953794,-1.12293,0.146499,0,0,0
1921675,-0.952729,-1.12407,0.146937,0,0,0
1921676,-0.952503,-1.12452,0.146143,0,0,0
1921679,-0.952917,-1.12516,0.145759,0,0,0
1921680,-0.95295,-1.1248,0.145804,0,0,0
1921681,-0.9525,-1.12488,0.145821,0,0,0
1921684,-0.952224,-1.12527,0.145993,0,0,0
1921685,-0.95256,-1.12526,0.146091,0,0,0
1921686,-0.952643,-1.12501,0.145951,0,0,0
1921689,-0.952567,-1.12482,0.145736,0,0,0
1921690,-0.953649,-1.12361,0.145788,0,0,0
1921691,-0.952788,-1.12472,0.145679,0,0,0
1921694,-0.952668,-1.125,0.145925,0,0,0
1921695,-0.952976,-1.1242,0.146311,0,0,0
1921696,-0.952005,-1.12537,0.145803,0,0,0
1921699,-0.953679,-1.12376,0.145672,0,0,0
1921700,-0.952755,-1.12508,0.145833,0,0,0
1921701,-0.953644,-1.12523,0.145782,0,0,0
1921704,-0.952625,-1.12503,0.145919,0,0,0
1921705,-0.952681,-1.12504,0.145881,0,0,0
1921706,-0.952808,-1.1245,0.14619,0,0,0
1921709,-0.953229,-1.12587,0.145597,0,0,0
1921710,-0.951955,-1.12612,0.145711,0,0,0
1921711,-0.952574,-1.12394,0.146131,0,0,0
1921714,-0.953149,-1.12295,0.146417,0,0,0
1921715,-0.952966,-1.12476,0.145718,0,0,0
1921716,-0.952042,-1.12506,0.145613,0,0,0
1921719,-0.952676,-1.12386,0.146298,0,0,0
1921720,-0.952722,-1.12557,0.145573,0,0,0
1921721,-0.952217,-1.12378,0.146587,0,0,0
1921724,-0.952706,-1.12477,0.145751,0,0,0
1921725,-0.952606,-1.125,0.145852,0,0,0
1921726,-0.95286,-1.12463,0.145587,0,0,0
1921729,-0.952099,-1.12496,0.146083,0,0,0
1921730,-0.952999,-1.12424,0.14624,0,0,0
1921731,-0.952218,-1.12544,0.145756,0,0,0
1921734,-0.953144,-1.12486,0.145196,0,0,0
1921735,-0.952538,-1.12348,0.14699,0,0,0
1921736,-0.953441,-1.12512,0.145944,0,0,0
1921739,-0.952653,-1.12499,0.145868,0,0,0
1921740,-0.952481,-1.12518,0.14583,0,0,0
1921741,-0.952664,-1.12499,0.145866,0,0,0
1921744,-0.952609,-1.12525,0.14577,0,0,0
1921745,-0.952601,-1.12563,0.145597,0,0,0
1921746,-0.952553,-1.1247,0.145099,0,0,0
1921749,-0.952647,-1.12499,0.145873,0,0,0
1921750,-0.952948,-1.12478,0.145666,0,0,0
1921751,-0.952655,-1.12458,0.145551,0,0,0
1921754,-0.95206,-1.1251,0.145815,0,0,0
1921755,-0.95254,-1.1245,0.14609,0,0,0
1921756,-0.952581,-1.12553,0.145765,0,0,0
1921759,-0.953099,-1.12266,0.144919,0,0,0
1921760,-0.952742,-1.12369,0.146718,0,0,0
1921761,-0.952254,-1.12479,0.145483,0,0,0
1921764,-0.95269,-1.12507,0.145748,0,0,0
1921765,-0.952863,-1.12482,0.145758,0,0,0
1921766,-0.952632,-1.12499,0.145828,0,0,0
1921769,-0.953306,-1.12461,0.145231,0,0,0
1921770,-0.952389,-1.12553,0.145715,0,0,0
1921771,-0.953933,-1.12485,0.14555,0,0,0
1921774,-0.952212,-1.12521,0.145738,0,0,0
1921775,-0.953662,-1.12383,0.145291,0,0,0
1921776,-0.952688,-1.12517,0.145491,0,0,0
1921779,-0.952127,-1.12599,0.145338,0,0,0
1921780,-0.952881,-1.12572,0.145608,0,0,0
1921781,-0.952115,-1.12604,0.145491,0,0,0
1921784,-0.953226,-1.1224,0.145249,0,0,0
1921785,-0.952429,-1.12283,0.145707,0,0,0
1921786,-0.951971,-1.12543,0.145628,0,0,0
1921789,-0.95248,-1.12552,0.145414,0,0,0
1921790,-0.953288,-1.12388,0.145544,0,0,0
1921791,-0.951676,-1.12547,0.145598,0,0,0
1921794,-0.953066,-1.12488,0.145973,0,0,0
1921795,-0.952064,-1.12478,0.145839,0,0,0
1921796,-0.952331,-1.12494,0.145384,0,0,0
1921799,-0.951862,-1.12589,0.145362,0,0,0
1921800,-0.952302,-1.12524,0.145477,0,0,0
1921801,-0.951901,-1.12586,0.145245,0,0,0
1921804,-0.953359,-1.12469,0.145342,0,0,0
1921805,-0.952645,-1.12505,0.145697,0,0,0
1921806,-0.952608,-1.12469,0.145278,0,0,0
1921809,-0.952039,-1.12377,0.146525,0,0,0
1921810,-0.953244,-1.12327,0.145908,0,0,0
1921811,-0.952837,-1.12376,0.145451,0,0,0
1921814,-0.95214,-1.12536,0.14523,0,0,0
1921815,-0.952017,-1.12533,0.145526,0,0,0
1921816,-0.952902,-1.12477,0.145617,0,0,0
1921819,-0.952307,-1.12531,0.145626,0,0,0
1921820,-0.952789,-1.12501,0.145811,0,0,0
1921821,-0.952589,-1.12507,0.145815,0,0,0
1921824,-0.952206,-1.12527,0.145621,0,0,0
1921825,-0.952331,-1.12518,0.145521,0,0,0
1921826,-0.952362,-1.1246,0.14565,0,0,0
1921829,-0.953065,-1.1247,0.144777,0,0,0
1921830,-0.952507,-1.12556,0.145248,0,0,0
1921831,-0.952254,-1.12614,0.145484,0,0,0
1921834,-0.952484,-1.12566,0.145133,0,0,0
1921835,-0.952241,-1.1238,0.146344,0,0,0
1921836,-0.952024,-1.12368,0.146266,0,0,0
1921839,-0.953061,-1.12432,0.145473,0,0,0
1921840,-0.953467,-1.12363,0.145309,0,0,0
1921841,-0.953323,-1.12356,0.145351,0,0,0
1921844,-0.953038,-1.12276,0.14501,0,0,0
1921845,-0.953102,-1.12283,0.145063,0,0,0
1921846,-0.953348,-1.12352,0.145811,0,0,0
1921849,-0.953071,-1.12278,0.144717,0,0,0
1921850,-0.95328,-1.12278,0.144588,0,0,0
1921851,-0.953148,-1.12291,0.144689,0,0,0
1921854,-0.953503,-1.12308,0.144875,0,0,0
1921855,-0.953685,-1.12352,0.144338,0,0,0
1921856,-0.953694,-1.1236,0.144335,0,0,0
1921859,-0.953736,-1.12365,0.144447,0,0,0
1921860,-0.953781,-1.12364,0.144523,0,0,0
1921861,-0.953839,-1.1236,0.144449,0,0,0
1921864,-0.953762,-1.12363,0.144428,0,0,0
1921865,-0.953741,-1.12362,0.14442,0,0,0
1921866,-0.953717,-1.12361,0.14438,0,0,0
1921869,-0.953753,-1.12357,0.144358,0,0,0
1921870,-0.953758,-1.12364,0.144477,0,0,0
1921871,-0.953737,-1.12359,0.144434,0,0,0
1921874,-0.953753,-1.12356,0.14437,0,0,0
1921875,-0.95375,-1.12361,0.144412,0,0,0
1921876,-0.953752,-1.12356,0.144369,0,0,0
1921879,-0.953765,-1.12361,0.144406,0,0,0
1921880,-0.953739,-1.12359,0.144315,0,0,0
1921881,-0.953737,-1.12362,0.144389,0,0,0
1921884,-0.953737,-1.12362,0.144441,0,0,0
1921885,-0.953742,-1.12358,0.144427,0,0,0
1921886,-0.953763,-1.12358,0.144387,0,0,0
1921889,-0.953726,-1.1236,0.144331,0,0,0
1921890,-0.953729,-1.12356,0.144352,0,0,0
1921891,-0.953725,-1.12362,0.144418,0,